bin_center,count
39.0,1
49.0,0
59.0,0
69.0,0
79.0,0
89.0,0
99.0,0
109.0,0
119.0,0
129.0,0
139.0,0
149.0,0
159.0,0
169.0,0
179.0,0
189.0,0
199.0,0
209.0,0
219.0,0
229.0,0
239.0,0
249.0,0
259.0,1
269.0,0
279.0,0
289.0,0
299.0,0
309.0,0
319.0,0
329.0,0
339.0,0
349.0,0
359.0,1
369.0,0
379.0,0
389.0,0
399.0,0
409.0,0
419.0,0
429.0,0
439.0,0
449.0,0
459.0,0
469.0,0
479.0,0
489.0,0
499.0,0
509.0,0
519.0,0
529.0,0
539.0,0
549.0,0
559.0,0
569.0,0
579.0,0
589.0,0
599.0,0
609.0,1
619.0,0
629.0,0
639.0,0
649.0,0
659.0,0
669.0,0
679.0,0
689.0,0
699.0,0
709.0,0
719.0,0
729.0,0
739.0,0
749.0,1
759.0,1
769.0,1
779.0,0
789.0,0
799.0,0
809.0,0
819.0,0
829.0,1
839.0,0
849.0,0
859.0,0
869.0,0
879.0,0
889.0,0
899.0,0
909.0,0
919.0,0
929.0,0
939.0,0
949.0,0
959.0,0
969.0,1
979.0,0
989.0,0
999.0,0
1009.0,0
1019.0,0
1029.0,0
1039.0,0
1049.0,1
1059.0,0
1069.0,0
1079.0,0
1089.0,0
1099.0,1
1109.0,0
1119.0,0
1129.0,0
1139.0,0
1149.0,0
1159.0,0
1169.0,0
1179.0,0
1189.0,1
1199.0,0
1209.0,0
1219.0,0
1229.0,0
1239.0,0
1249.0,0
1259.0,0
1269.0,0
1279.0,0
1289.0,0
1299.0,0
1309.0,0
1319.0,0
1329.0,1
1339.0,0
1349.0,0
1359.0,1
1369.0,1
1379.0,3
1389.0,0
1399.0,0
1409.0,0
1419.0,0
1429.0,1
1439.0,2
1449.0,0
1459.0,1
1469.0,1
1479.0,1
1489.0,0
1499.0,1
1509.0,1
1519.0,1
1529.0,2
1539.0,0
1549.0,0
1559.0,2
1569.0,2
1579.0,0
1589.0,1
1599.0,1
1609.0,1
1619.0,1
1629.0,2
1639.0,0
1649.0,0
1659.0,2
1669.0,1
1679.0,1
1689.0,2
1699.0,2
1709.0,1
1719.0,1
1729.0,6
1739.0,1
1749.0,0
1759.0,0
1769.0,2
1779.0,1
1789.0,2
1799.0,1
1809.0,1
1819.0,2
1829.0,2
1839.0,2
1849.0,4
1859.0,1
1869.0,4
1879.0,4
1889.0,2
1899.0,2
1909.0,0
1919.0,0
1929.0,3
1939.0,2
1949.0,1
1959.0,4
1969.0,1
1979.0,4
1989.0,1
1999.0,5
2009.0,4
2019.0,1
2029.0,2
2039.0,5
2049.0,1
2059.0,0
2069.0,4
2079.0,2
2089.0,4
2099.0,2
2109.0,1
2119.0,0
2129.0,2
2139.0,1
2149.0,1
2159.0,1
2169.0,1
2179.0,2
2189.0,0
2199.0,2
2209.0,4
2219.0,1
2229.0,2
2239.0,3
2249.0,2
2259.0,3
2269.0,0
2279.0,2
2289.0,2
2299.0,3
2309.0,1
2319.0,0
2329.0,0
2339.0,0
2349.0,2
2359.0,2
2369.0,1
2379.0,1
2389.0,4
2399.0,3
2409.0,3
2419.0,1
2429.0,2
2439.0,5
2449.0,1
2459.0,3
2469.0,2
2479.0,2
2489.0,3
2499.0,5
2509.0,4
2519.0,2
2529.0,3
2539.0,3
2549.0,2
2559.0,1
2569.0,1
2579.0,0
2589.0,1
2599.0,4
2609.0,2
2619.0,2
2629.0,4
2639.0,1
2649.0,2
2659.0,4
2669.0,2
2679.0,0
2689.0,3
2699.0,1
2709.0,0
2719.0,2
2729.0,1
2739.0,2
2749.0,3
2759.0,1
2769.0,0
2779.0,4
2789.0,1
2799.0,3
2809.0,4
2819.0,2
2829.0,1
2839.0,4
2849.0,1
2859.0,2
2869.0,1
2879.0,0
2889.0,5
2899.0,1
2909.0,1
2919.0,3
2929.0,3
2939.0,2
2949.0,3
2959.0,1
2969.0,1
2979.0,8
2989.0,2
2999.0,2
3009.0,5
3019.0,5
3029.0,5
3039.0,3
3049.0,3
3059.0,1
3069.0,3
3079.0,2
3089.0,3
3099.0,1
3109.0,2
3119.0,1
3129.0,4
3139.0,2
3149.0,4
3159.0,1
3169.0,1
3179.0,3
3189.0,2
3199.0,2
3209.0,0
3219.0,2
3229.0,1
3239.0,3
3249.0,1
3259.0,1
3269.0,2
3279.0,1
3289.0,1
3299.0,1
3309.0,5
3319.0,3
3329.0,0
3339.0,1
3349.0,4
3359.0,2
3369.0,0
3379.0,1
3389.0,4
3399.0,1
3409.0,1
3419.0,2
3429.0,0
3439.0,1
3449.0,3
3459.0,1
3469.0,1
3479.0,0
3489.0,2
3499.0,0
3509.0,4
3519.0,5
3529.0,1
3539.0,1
3549.0,5
3559.0,1
3569.0,1
3579.0,3
3589.0,4
3599.0,0
3609.0,0
3619.0,1
3629.0,0
3639.0,2
3649.0,2
3659.0,1
3669.0,0
3679.0,0
3689.0,1
3699.0,2
3709.0,1
3719.0,5
3729.0,1
3739.0,1
3749.0,0
3759.0,2
3769.0,0
3779.0,1
3789.0,4
3799.0,3
3809.0,2
3819.0,3
3829.0,2
3839.0,1
3849.0,1
3859.0,2
3869.0,4
3879.0,3
3889.0,2
3899.0,0
3909.0,2
3919.0,2
3929.0,1
3939.0,2
3949.0,2
3959.0,1
3969.0,1
3979.0,4
3989.0,2
3999.0,3
4009.0,2
4019.0,3
4029.0,0
4039.0,2
4049.0,1
4059.0,3
4069.0,3
4079.0,1
4089.0,2
4099.0,0
4109.0,0
4119.0,1
4129.0,2
4139.0,0
4149.0,4
4159.0,1
4169.0,1
4179.0,0
4189.0,0
4199.0,4
4209.0,2
4219.0,1
4229.0,2
4239.0,3
4249.0,2
4259.0,4
4269.0,2
4279.0,3
4289.0,5
4299.0,5
4309.0,1
4319.0,3
4329.0,5
4339.0,3
4349.0,2
4359.0,2
4369.0,1
4379.0,1
4389.0,3
4399.0,0
4409.0,2
4419.0,6
4429.0,3
4439.0,1
4449.0,2
4459.0,1
4469.0,3
4479.0,1
4489.0,3
4499.0,1
4509.0,2
4519.0,2
4529.0,2
4539.0,4
4549.0,3
4559.0,1
4569.0,3
4579.0,1
4589.0,1
4599.0,2
4609.0,0
4619.0,1
4629.0,1
4639.0,2
4649.0,4
4659.0,2
4669.0,1
4679.0,5
4689.0,2
4699.0,2
4709.0,3
4719.0,4
4729.0,2
4739.0,3
4749.0,0
4759.0,2
4769.0,1
4779.0,3
4789.0,2
4799.0,1
4809.0,1
4819.0,2
4829.0,0
4839.0,1
4849.0,3
4859.0,2
4869.0,3
4879.0,2
4889.0,5
4899.0,1
4909.0,5
4919.0,4
4929.0,4
4939.0,1
4949.0,1
4959.0,0
4969.0,4
4979.0,1
4989.0,0
4999.0,2
5009.0,4
5019.0,1
5029.0,2
5039.0,3
5049.0,0
5059.0,0
5069.0,1
5079.0,3
5089.0,4
5099.0,3
5109.0,0
5119.0,1
5129.0,3
5139.0,4
5149.0,1
5159.0,1
5169.0,0
5179.0,1
5189.0,2
5199.0,3
5209.0,3
5219.0,3
5229.0,3
5239.0,3
5249.0,0
5259.0,3
5269.0,0
5279.0,3
5289.0,3
5299.0,1
5309.0,3
5319.0,1
5329.0,2
5339.0,2
5349.0,1
5359.0,5
5369.0,4
5379.0,2
5389.0,1
5399.0,3
5409.0,2
5419.0,1
5429.0,5
5439.0,1
5449.0,2
5459.0,2
5469.0,2
5479.0,2
5489.0,5
5499.0,4
5509.0,3
5519.0,3
5529.0,0
5539.0,3
5549.0,1
5559.0,4
5569.0,2
5579.0,5
5589.0,3
5599.0,2
5609.0,2
5619.0,0
5629.0,2
5639.0,1
5649.0,3
5659.0,0
5669.0,3
5679.0,2
5689.0,1
5699.0,3
5709.0,3
5719.0,4
5729.0,3
5739.0,0
5749.0,4
5759.0,3
5769.0,2
5779.0,2
5789.0,4
5799.0,4
5809.0,0
5819.0,2
5829.0,1
5839.0,3
5849.0,1
5859.0,0
5869.0,2
5879.0,3
5889.0,5
5899.0,2
5909.0,5
5919.0,3
5929.0,1
5939.0,5
5949.0,0
5959.0,4
5969.0,0
5979.0,0
5989.0,2
5999.0,1
6009.0,0
6019.0,3
6029.0,2
6039.0,2
6049.0,0
6059.0,2
6069.0,1
6079.0,0
6089.0,3
6099.0,2
6109.0,2
6119.0,1
6129.0,0
6139.0,1
6149.0,1
6159.0,5
6169.0,3
6179.0,1
6189.0,2
6199.0,3
6209.0,2
6219.0,3
6229.0,0
6239.0,1
6249.0,1
6259.0,0
6269.0,1
6279.0,0
6289.0,2
6299.0,1
6309.0,2
6319.0,4
6329.0,5
6339.0,1
6349.0,5
6359.0,1
6369.0,4
6379.0,1
6389.0,2
6399.0,5
6409.0,1
6419.0,1
6429.0,1
6439.0,3
6449.0,5
6459.0,3
6469.0,0
6479.0,5
6489.0,2
6499.0,2
6509.0,2
6519.0,4
6529.0,3
6539.0,5
6549.0,2
6559.0,1
6569.0,2
6579.0,1
6589.0,3
6599.0,2
6609.0,5
6619.0,1
6629.0,1
6639.0,1
6649.0,6
6659.0,2
6669.0,2
6679.0,2
6689.0,1
6699.0,4
6709.0,1
6719.0,4
6729.0,2
6739.0,0
6749.0,1
6759.0,4
6769.0,4
6779.0,1
6789.0,1
6799.0,4
6809.0,5
6819.0,3
6829.0,4
6839.0,5
6849.0,3
6859.0,5
6869.0,3
6879.0,1
6889.0,3
6899.0,2
6909.0,3
6919.0,5
6929.0,2
6939.0,3
6949.0,3
6959.0,4
6969.0,4
6979.0,2
6989.0,2
6999.0,6
7009.0,4
7019.0,0
7029.0,2
7039.0,4
7049.0,2
7059.0,1
7069.0,1
7079.0,3
7089.0,1
7099.0,2
7109.0,3
7119.0,1
7129.0,1
7139.0,0
7149.0,2
7159.0,4
7169.0,2
7179.0,2
7189.0,4
7199.0,4
7209.0,4
7219.0,1
7229.0,4
7239.0,0
7249.0,6
7259.0,2
7269.0,2
7279.0,2
7289.0,1
7299.0,2
7309.0,2
7319.0,3
7329.0,0
7339.0,2
7349.0,4
7359.0,2
7369.0,1
7379.0,4
7389.0,3
7399.0,1
7409.0,7
7419.0,6
7429.0,3
7439.0,2
7449.0,2
7459.0,3
7469.0,4
7479.0,3
7489.0,3
7499.0,0
7509.0,2
7519.0,0
7529.0,4
7539.0,4
7549.0,5
7559.0,2
7569.0,2
7579.0,4
7589.0,3
7599.0,1
7609.0,3
7619.0,5
7629.0,3
7639.0,0
7649.0,1
7659.0,2
7669.0,2
7679.0,4
7689.0,2
7699.0,4
7709.0,2
7719.0,2
7729.0,4
7739.0,1
7749.0,3
7759.0,3
7769.0,1
7779.0,2
7789.0,2
7799.0,3
7809.0,2
7819.0,1
7829.0,3
7839.0,3
7849.0,5
7859.0,1
7869.0,3
7879.0,5
7889.0,3
7899.0,0
7909.0,3
7919.0,2
7929.0,4
7939.0,3
7949.0,1
7959.0,2
7969.0,2
7979.0,3
7989.0,3
7999.0,3
8009.0,3
8019.0,5
8029.0,4
8039.0,5
8049.0,4
8059.0,3
8069.0,1
8079.0,7
8089.0,4
8099.0,3
8109.0,3
8119.0,5
8129.0,4
8139.0,3
8149.0,6
8159.0,3
8169.0,2
8179.0,4
8189.0,4
8199.0,2
8209.0,1
8219.0,2
8229.0,5
8239.0,8
8249.0,7
8259.0,4
8269.0,2
8279.0,1
8289.0,2
8299.0,3
8309.0,2
8319.0,6
8329.0,2
8339.0,2
8349.0,2
8359.0,3
8369.0,1
8379.0,1
8389.0,2
8399.0,1
8409.0,6
8419.0,2
8429.0,2
8439.0,8
8449.0,5
8459.0,1
8469.0,2
8479.0,2
8489.0,2
8499.0,3
8509.0,4
8519.0,3
8529.0,1
8539.0,1
8549.0,3
8559.0,3
8569.0,6
8579.0,1
8589.0,4
8599.0,2
8609.0,2
8619.0,2
8629.0,4
8639.0,2
8649.0,3
8659.0,3
8669.0,2
8679.0,3
8689.0,3
8699.0,4
8709.0,4
8719.0,1
8729.0,3
8739.0,6
8749.0,3
8759.0,3
8769.0,3
8779.0,1
8789.0,1
8799.0,2
8809.0,4
8819.0,5
8829.0,0
8839.0,3
8849.0,3
8859.0,2
8869.0,2
8879.0,5
8889.0,3
8899.0,3
8909.0,1
8919.0,1
8929.0,2
8939.0,2
8949.0,3
8959.0,3
8969.0,5
8979.0,1
8989.0,5
8999.0,4
9009.0,2
9019.0,2
9029.0,2
9039.0,2
9049.0,3
9059.0,4
9069.0,4
9079.0,5
9089.0,4
9099.0,2
9109.0,3
9119.0,1
9129.0,2
9139.0,2
9149.0,7
9159.0,4
9169.0,2
9179.0,3
9189.0,2
9199.0,2
9209.0,1
9219.0,1
9229.0,1
9239.0,3
9249.0,3
9259.0,0
9269.0,3
9279.0,0
9289.0,1
9299.0,2
9309.0,2
9319.0,3
9329.0,4
9339.0,2
9349.0,0
9359.0,4
9369.0,1
9379.0,3
9389.0,6
9399.0,1
9409.0,6
9419.0,4
9429.0,3
9439.0,7
9449.0,3
9459.0,7
9469.0,0
9479.0,2
9489.0,3
9499.0,4
9509.0,4
9519.0,2
9529.0,4
9539.0,1
9549.0,3
9559.0,2
9569.0,8
9579.0,0
9589.0,5
9599.0,2
9609.0,2
9619.0,6
9629.0,2
9639.0,4
9649.0,5
9659.0,3
9669.0,5
9679.0,4
9689.0,7
9699.0,4
9709.0,5
9719.0,2
9729.0,5
9739.0,4
9749.0,2
9759.0,3
9769.0,2
9779.0,2
9789.0,4
9799.0,1
9809.0,3
9819.0,2
9829.0,0
9839.0,3
9849.0,2
9859.0,3
9869.0,2
9879.0,2
9889.0,0
9899.0,4
9909.0,6
9919.0,3
9929.0,2
9939.0,6
9949.0,4
9959.0,4
9969.0,4
9979.0,3
9989.0,5
9999.0,5
10009.0,2
10019.0,7
10029.0,3
10039.0,2
10049.0,4
10059.0,3
10069.0,5
10079.0,6
10089.0,2
10099.0,7
10109.0,5
10119.0,3
10129.0,6
10139.0,9
10149.0,3
10159.0,5
10169.0,1
10179.0,4
10189.0,8
10199.0,3
10209.0,1
10219.0,3
10229.0,3
10239.0,2
10249.0,3
10259.0,4
10269.0,6
10279.0,5
10289.0,6
10299.0,1
10309.0,3
10319.0,3
10329.0,3
10339.0,2
10349.0,5
10359.0,3
10369.0,5
10379.0,2
10389.0,4
10399.0,1
10409.0,1
10419.0,4
10429.0,5
10439.0,4
10449.0,6
10459.0,6
10469.0,5
10479.0,3
10489.0,4
10499.0,3
10509.0,6
10519.0,3
10529.0,2
10539.0,1
10549.0,4
10559.0,2
10569.0,2
10579.0,5
10589.0,8
10599.0,4
10609.0,5
10619.0,5
10629.0,4
10639.0,6
10649.0,0
10659.0,7
10669.0,4
10679.0,3
10689.0,6
10699.0,4
10709.0,3
10719.0,5
10729.0,3
10739.0,4
10749.0,9
10759.0,3
10769.0,6
10779.0,2
10789.0,2
10799.0,1
10809.0,5
10819.0,1
10829.0,4
10839.0,7
10849.0,2
10859.0,2
10869.0,2
10879.0,3
10889.0,3
10899.0,2
10909.0,6
10919.0,4
10929.0,4
10939.0,4
10949.0,6
10959.0,4
10969.0,5
10979.0,5
10989.0,6
10999.0,6
11009.0,5
11019.0,5
11029.0,6
11039.0,6
11049.0,4
11059.0,5
11069.0,5
11079.0,3
11089.0,1
11099.0,2
11109.0,7
11119.0,6
11129.0,1
11139.0,1
11149.0,6
11159.0,4
11169.0,5
11179.0,3
11189.0,4
11199.0,4
11209.0,3
11219.0,7
11229.0,3
11239.0,7
11249.0,6
11259.0,7
11269.0,4
11279.0,1
11289.0,5
11299.0,5
11309.0,7
11319.0,5
11329.0,5
11339.0,5
11349.0,4
11359.0,3
11369.0,5
11379.0,6
11389.0,7
11399.0,1
11409.0,4
11419.0,2
11429.0,3
11439.0,4
11449.0,5
11459.0,6
11469.0,5
11479.0,2
11489.0,5
11499.0,3
11509.0,6
11519.0,3
11529.0,6
11539.0,7
11549.0,5
11559.0,5
11569.0,4
11579.0,8
11589.0,3
11599.0,4
11609.0,3
11619.0,1
11629.0,6
11639.0,3
11649.0,3
11659.0,4
11669.0,7
11679.0,4
11689.0,7
11699.0,4
11709.0,6
11719.0,7
11729.0,11
11739.0,7
11749.0,4
11759.0,3
11769.0,4
11779.0,3
11789.0,10
11799.0,5
11809.0,5
11819.0,10
11829.0,2
11839.0,3
11849.0,9
11859.0,3
11869.0,5
11879.0,6
11889.0,10
11899.0,10
11909.0,5
11919.0,5
11929.0,7
11939.0,1
11949.0,3
11959.0,5
11969.0,9
11979.0,5
11989.0,4
11999.0,4
12009.0,7
12019.0,5
12029.0,6
12039.0,6
12049.0,7
12059.0,3
12069.0,1
12079.0,9
12089.0,3
12099.0,5
12109.0,5
12119.0,5
12129.0,9
12139.0,5
12149.0,7
12159.0,5
12169.0,5
12179.0,9
12189.0,3
12199.0,1
12209.0,3
12219.0,6
12229.0,4
12239.0,4
12249.0,4
12259.0,5
12269.0,6
12279.0,5
12289.0,6
12299.0,2
12309.0,3
12319.0,4
12329.0,2
12339.0,3
12349.0,8
12359.0,6
12369.0,7
12379.0,4
12389.0,7
12399.0,6
12409.0,3
12419.0,6
12429.0,7
12439.0,7
12449.0,5
12459.0,7
12469.0,7
12479.0,10
12489.0,8
12499.0,7
12509.0,5
12519.0,4
12529.0,9
12539.0,9
12549.0,9
12559.0,4
12569.0,5
12579.0,8
12589.0,2
12599.0,9
12609.0,7
12619.0,5
12629.0,5
12639.0,6
12649.0,9
12659.0,6
12669.0,7
12679.0,6
12689.0,4
12699.0,6
12709.0,8
12719.0,7
12729.0,10
12739.0,5
12749.0,7
12759.0,4
12769.0,8
12779.0,2
12789.0,4
12799.0,4
12809.0,5
12819.0,5
12829.0,4
12839.0,1
12849.0,7
12859.0,7
12869.0,2
12879.0,5
12889.0,4
12899.0,7
12909.0,3
12919.0,5
12929.0,6
12939.0,2
12949.0,5
12959.0,11
12969.0,10
12979.0,8
12989.0,2
12999.0,7
13009.0,6
13019.0,7
13029.0,5
13039.0,5
13049.0,6
13059.0,7
13069.0,4
13079.0,4
13089.0,9
13099.0,4
13109.0,9
13119.0,4
13129.0,3
13139.0,6
13149.0,9
13159.0,4
13169.0,5
13179.0,5
13189.0,5
13199.0,6
13209.0,7
13219.0,5
13229.0,4
13239.0,5
13249.0,3
13259.0,3
13269.0,5
13279.0,5
13289.0,5
13299.0,10
13309.0,1
13319.0,6
13329.0,3
13339.0,4
13349.0,4
13359.0,4
13369.0,9
13379.0,5
13389.0,6
13399.0,4
13409.0,6
13419.0,1
13429.0,5
13439.0,2
13449.0,4
13459.0,8
13469.0,9
13479.0,3
13489.0,1
13499.0,2
13509.0,3
13519.0,0
13529.0,5
13539.0,4
13549.0,8
13559.0,6
13569.0,5
13579.0,7
13589.0,3
13599.0,6
13609.0,8
13619.0,4
13629.0,2
13639.0,3
13649.0,3
13659.0,6
13669.0,3
13679.0,3
13689.0,9
13699.0,4
13709.0,6
13719.0,5
13729.0,4
13739.0,3
13749.0,6
13759.0,6
13769.0,2
13779.0,1
13789.0,5
13799.0,5
13809.0,4
13819.0,5
13829.0,6
13839.0,8
13849.0,3
13859.0,7
13869.0,3
13879.0,4
13889.0,7
13899.0,3
13909.0,3
13919.0,4
13929.0,5
13939.0,6
13949.0,2
13959.0,6
13969.0,3
13979.0,5
13989.0,3
13999.0,2
14009.0,4
14019.0,3
14029.0,5
14039.0,4
14049.0,5
14059.0,2
14069.0,5
14079.0,3
14089.0,3
14099.0,5
14109.0,0
14119.0,9
14129.0,2
14139.0,8
14149.0,3
14159.0,6
14169.0,6
14179.0,6
14189.0,4
14199.0,5
14209.0,3
14219.0,6
14229.0,5
14239.0,6
14249.0,0
14259.0,3
14269.0,3
14279.0,4
14289.0,1
14299.0,2
14309.0,3
14319.0,2
14329.0,6
14339.0,7
14349.0,3
14359.0,3
14369.0,3
14379.0,3
14389.0,2
14399.0,8
14409.0,3
14419.0,4
14429.0,4
14439.0,6
14449.0,4
14459.0,2
14469.0,0
14479.0,5
14489.0,4
14499.0,2
14509.0,3
14519.0,2
14529.0,3
14539.0,6
14549.0,1
14559.0,2
14569.0,4
14579.0,7
14589.0,2
14599.0,5
14609.0,3
14619.0,1
14629.0,4
14639.0,4
14649.0,7
14659.0,6
14669.0,0
14679.0,4
14689.0,4
14699.0,4
14709.0,3
14719.0,4
14729.0,2
14739.0,4
14749.0,1
14759.0,2
14769.0,2
14779.0,6
14789.0,0
14799.0,6
14809.0,6
14819.0,3
14829.0,3
14839.0,4
14849.0,3
14859.0,5
14869.0,10
14879.0,3
14889.0,8
14899.0,0
14909.0,4
14919.0,1
14929.0,3
14939.0,3
14949.0,4
14959.0,2
14969.0,5
14979.0,5
14989.0,3
14999.0,1
15009.0,4
15019.0,2
15029.0,4
15039.0,6
15049.0,2
15059.0,2
15069.0,2
15079.0,3
15089.0,4
15099.0,2
15109.0,4
15119.0,0
15129.0,6
15139.0,4
15149.0,3
15159.0,1
15169.0,1
15179.0,1
15189.0,2
15199.0,1
15209.0,4
15219.0,2
15229.0,2
15239.0,2
15249.0,2
15259.0,5
15269.0,1
15279.0,3
15289.0,1
15299.0,3
15309.0,2
15319.0,2
15329.0,7
15339.0,1
15349.0,1
15359.0,1
15369.0,3
15379.0,3
15389.0,1
15399.0,5
15409.0,3
15419.0,1
15429.0,5
15439.0,4
15449.0,2
15459.0,5
15469.0,5
15479.0,5
15489.0,3
15499.0,1
15509.0,2
15519.0,2
15529.0,3
15539.0,1
15549.0,4
15559.0,2
15569.0,7
15579.0,4
15589.0,4
15599.0,2
15609.0,3
15619.0,2
15629.0,5
15639.0,0
15649.0,3
15659.0,6
15669.0,2
15679.0,3
15689.0,4
15699.0,2
15709.0,3
15719.0,2
15729.0,2
15739.0,3
15749.0,4
15759.0,0
15769.0,3
15779.0,6
15789.0,5
15799.0,0
15809.0,4
15819.0,3
15829.0,1
15839.0,3
15849.0,2
15859.0,5
15869.0,1
15879.0,7
15889.0,2
15899.0,1
15909.0,2
15919.0,5
15929.0,7
15939.0,1
15949.0,1
15959.0,1
15969.0,2
15979.0,0
15989.0,2
15999.0,2
16009.0,3
16019.0,4
16029.0,2
16039.0,4
16049.0,1
16059.0,0
16069.0,3
16079.0,0
16089.0,3
16099.0,2
16109.0,2
16119.0,0
16129.0,3
16139.0,1
16149.0,3
16159.0,3
16169.0,2
16179.0,4
16189.0,3
16199.0,2
16209.0,0
16219.0,2
16229.0,0
16239.0,1
16249.0,5
16259.0,5
16269.0,3
16279.0,0
16289.0,2
16299.0,2
16309.0,5
16319.0,5
16329.0,1
16339.0,3
16349.0,3
16359.0,2
16369.0,3
16379.0,2
16389.0,3
16399.0,1
16409.0,3
16419.0,3
16429.0,3
16439.0,3
16449.0,2
16459.0,1
16469.0,0
16479.0,3
16489.0,1
16499.0,2
16509.0,0
16519.0,1
16529.0,4
16539.0,3
16549.0,2
16559.0,2
16569.0,3
16579.0,4
16589.0,3
16599.0,3
16609.0,4
16619.0,3
16629.0,6
16639.0,3
16649.0,2
16659.0,4
16669.0,3
16679.0,0
16689.0,2
16699.0,3
16709.0,2
16719.0,2
16729.0,2
16739.0,3
16749.0,0
16759.0,0
16769.0,3
16779.0,1
16789.0,5
16799.0,3
16809.0,4
16819.0,2
16829.0,2
16839.0,2
16849.0,0
16859.0,6
16869.0,2
16879.0,3
16889.0,2
16899.0,1
16909.0,2
16919.0,2
16929.0,2
16939.0,1
16949.0,3
16959.0,3
16969.0,1
16979.0,3
16989.0,1
16999.0,3
17009.0,2
17019.0,3
17029.0,3
17039.0,0
17049.0,2
17059.0,1
17069.0,2
17079.0,3
17089.0,1
17099.0,5
17109.0,1
17119.0,1
17129.0,1
17139.0,3
17149.0,3
17159.0,1
17169.0,1
17179.0,1
17189.0,1
17199.0,2
17209.0,2
17219.0,2
17229.0,3
17239.0,2
17249.0,3
17259.0,3
17269.0,2
17279.0,0
17289.0,4
17299.0,2
17309.0,1
17319.0,1
17329.0,3
17339.0,2
17349.0,3
17359.0,2
17369.0,2
17379.0,4
17389.0,1
17399.0,1
17409.0,6
17419.0,1
17429.0,3
17439.0,1
17449.0,2
17459.0,1
17469.0,2
17479.0,4
17489.0,3
17499.0,2
17509.0,0
17519.0,1
17529.0,2
17539.0,2
17549.0,2
17559.0,1
17569.0,3
17579.0,6
17589.0,5
17599.0,1
17609.0,1
17619.0,1
17629.0,3
17639.0,0
17649.0,1
17659.0,3
17669.0,1
17679.0,5
17689.0,2
17699.0,3
17709.0,0
17719.0,2
17729.0,5
17739.0,0
17749.0,0
17759.0,1
17769.0,2
17779.0,1
17789.0,1
17799.0,1
17809.0,1
17819.0,1
17829.0,4
17839.0,1
17849.0,1
17859.0,2
17869.0,3
17879.0,1
17889.0,1
17899.0,2
17909.0,3
17919.0,1
17929.0,1
17939.0,3
17949.0,1
17959.0,1
17969.0,3
17979.0,0
17989.0,2
17999.0,3
18009.0,1
18019.0,2
18029.0,1
18039.0,4
18049.0,1
18059.0,4
18069.0,3
18079.0,0
18089.0,3
18099.0,2
18109.0,0
18119.0,3
18129.0,2
18139.0,0
18149.0,0
18159.0,5
18169.0,4
18179.0,2
18189.0,2
18199.0,2
18209.0,1
18219.0,1
18229.0,1
18239.0,5
18249.0,2
18259.0,1
18269.0,0
18279.0,3
18289.0,4
18299.0,3
18309.0,2
18319.0,3
18329.0,1
18339.0,0
18349.0,2
18359.0,5
18369.0,4
18379.0,3
18389.0,1
18399.0,1
18409.0,0
18419.0,3
18429.0,0
18439.0,3
18449.0,0
18459.0,4
18469.0,1
18479.0,0
18489.0,4
18499.0,1
18509.0,3
18519.0,3
18529.0,3
18539.0,3
18549.0,2
18559.0,2
18569.0,3
18579.0,4
18589.0,2
18599.0,6
18609.0,0
18619.0,2
18629.0,1
18639.0,1
18649.0,2
18659.0,2
18669.0,2
18679.0,1
18689.0,0
18699.0,2
18709.0,1
18719.0,1
18729.0,1
18739.0,2
18749.0,3
18759.0,2
18769.0,3
18779.0,0
18789.0,2
18799.0,3
18809.0,2
18819.0,3
18829.0,2
18839.0,0
18849.0,3
18859.0,1
18869.0,3
18879.0,3
18889.0,1
18899.0,4
18909.0,1
18919.0,1
18929.0,4
18939.0,6
18949.0,0
18959.0,3
18969.0,4
18979.0,2
18989.0,1
18999.0,2
19009.0,2
19019.0,5
19029.0,5
19039.0,2
19049.0,1
19059.0,1
19069.0,3
19079.0,2
19089.0,3
19099.0,0
19109.0,5
19119.0,2
19129.0,3
19139.0,3
19149.0,2
19159.0,4
19169.0,1
19179.0,5
19189.0,0
19199.0,1
19209.0,1
19219.0,2
19229.0,5
19239.0,1
19249.0,2
19259.0,3
19269.0,1
19279.0,2
19289.0,2
19299.0,0
19309.0,4
19319.0,4
19329.0,2
19339.0,1
19349.0,4
19359.0,3
19369.0,1
19379.0,5
19389.0,2
19399.0,4
19409.0,6
19419.0,3
19429.0,3
19439.0,2
19449.0,8
19459.0,1
19469.0,3
19479.0,2
19489.0,8
19499.0,3
19509.0,7
19519.0,2
19529.0,2
19539.0,3
19549.0,5
19559.0,5
19569.0,5
19579.0,3
19589.0,3
19599.0,0
19609.0,4
19619.0,1
19629.0,2
19639.0,3
19649.0,1
19659.0,4
19669.0,1
19679.0,4
19689.0,7
19699.0,4
19709.0,0
19719.0,2
19729.0,3
19739.0,4
19749.0,3
19759.0,3
19769.0,0
19779.0,2
19789.0,5
19799.0,6
19809.0,5
19819.0,4
19829.0,6
19839.0,3
19849.0,5
19859.0,3
19869.0,3
19879.0,3
19889.0,5
19899.0,5
19909.0,2
19919.0,3
19929.0,2
19939.0,4
19949.0,3
19959.0,1
19969.0,9
19979.0,2
19989.0,2
19999.0,4
20009.0,3
20019.0,2
20029.0,1
20039.0,4
20049.0,1
20059.0,3
20069.0,8
20079.0,2
20089.0,2
20099.0,4
20109.0,0
20119.0,3
20129.0,4
20139.0,3
20149.0,0
20159.0,2
20169.0,3
20179.0,1
20189.0,5
20199.0,2
20209.0,3
20219.0,3
20229.0,2
20239.0,4
20249.0,4
20259.0,5
20269.0,4
20279.0,3
20289.0,5
20299.0,6
20309.0,2
20319.0,3
20329.0,3
20339.0,4
20349.0,1
20359.0,2
20369.0,3
20379.0,3
20389.0,5
20399.0,5
20409.0,6
20419.0,2
20429.0,2
20439.0,4
20449.0,3
20459.0,5
20469.0,3
20479.0,0
20489.0,5
20499.0,3
20509.0,5
20519.0,2
20529.0,3
20539.0,5
20549.0,3
20559.0,6
20569.0,4
20579.0,5
20589.0,2
20599.0,2
20609.0,4
20619.0,3
20629.0,5
20639.0,3
20649.0,5
20659.0,4
20669.0,3
20679.0,5
20689.0,8
20699.0,5
20709.0,5
20719.0,5
20729.0,5
20739.0,7
20749.0,3
20759.0,6
20769.0,6
20779.0,6
20789.0,3
20799.0,6
20809.0,3
20819.0,3
20829.0,3
20839.0,3
20849.0,6
20859.0,6
20869.0,5
20879.0,2
20889.0,6
20899.0,5
20909.0,2
20919.0,3
20929.0,2
20939.0,5
20949.0,4
20959.0,8
20969.0,4
20979.0,4
20989.0,8
20999.0,5
21009.0,4
21019.0,5
21029.0,5
21039.0,2
21049.0,6
21059.0,2
21069.0,6
21079.0,2
21089.0,2
21099.0,8
21109.0,6
21119.0,7
21129.0,2
21139.0,4
21149.0,5
21159.0,3
21169.0,3
21179.0,5
21189.0,4
21199.0,3
21209.0,4
21219.0,5
21229.0,7
21239.0,6
21249.0,6
21259.0,6
21269.0,5
21279.0,3
21289.0,1
21299.0,4
21309.0,3
21319.0,5
21329.0,5
21339.0,6
21349.0,4
21359.0,4
21369.0,12
21379.0,7
21389.0,5
21399.0,5
21409.0,4
21419.0,4
21429.0,6
21439.0,6
21449.0,3
21459.0,3
21469.0,6
21479.0,6
21489.0,6
21499.0,4
21509.0,8
21519.0,5
21529.0,4
21539.0,3
21549.0,5
21559.0,6
21569.0,7
21579.0,6
21589.0,9
21599.0,6
21609.0,6
21619.0,6
21629.0,4
21639.0,5
21649.0,2
21659.0,4
21669.0,2
21679.0,2
21689.0,3
21699.0,8
21709.0,4
21719.0,6
21729.0,6
21739.0,6
21749.0,6
21759.0,3
21769.0,3
21779.0,5
21789.0,7
21799.0,3
21809.0,5
21819.0,4
21829.0,10
21839.0,4
21849.0,10
21859.0,4
21869.0,3
21879.0,5
21889.0,11
21899.0,8
21909.0,7
21919.0,6
21929.0,1
21939.0,3
21949.0,9
21959.0,6
21969.0,4
21979.0,5
21989.0,7
21999.0,7
22009.0,8
22019.0,8
22029.0,6
22039.0,7
22049.0,14
22059.0,8
22069.0,6
22079.0,3
22089.0,4
22099.0,5
22109.0,9
22119.0,9
22129.0,7
22139.0,6
22149.0,8
22159.0,6
22169.0,4
22179.0,9
22189.0,6
22199.0,10
22209.0,5
22219.0,9
22229.0,4
22239.0,9
22249.0,6
22259.0,8
22269.0,6
22279.0,6
22289.0,6
22299.0,8
22309.0,3
22319.0,5
22329.0,5
22339.0,4
22349.0,4
22359.0,6
22369.0,1
22379.0,5
22389.0,9
22399.0,4
22409.0,3
22419.0,6
22429.0,7
22439.0,5
22449.0,6
22459.0,4
22469.0,4
22479.0,5
22489.0,5
22499.0,6
22509.0,10
22519.0,8
22529.0,5
22539.0,6
22549.0,13
22559.0,10
22569.0,8
22579.0,10
22589.0,10
22599.0,11
22609.0,11
22619.0,5
22629.0,7
22639.0,7
22649.0,5
22659.0,7
22669.0,6
22679.0,11
22689.0,8
22699.0,5
22709.0,13
22719.0,3
22729.0,7
22739.0,5
22749.0,6
22759.0,12
22769.0,4
22779.0,6
22789.0,13
22799.0,5
22809.0,9
22819.0,9
22829.0,9
22839.0,11
22849.0,7
22859.0,7
22869.0,8
22879.0,3
22889.0,9
22899.0,5
22909.0,7
22919.0,10
22929.0,6
22939.0,10
22949.0,7
22959.0,17
22969.0,7
22979.0,9
22989.0,12
22999.0,11
23009.0,5
23019.0,6
23029.0,12
23039.0,7
23049.0,8
23059.0,7
23069.0,9
23079.0,10
23089.0,8
23099.0,11
23109.0,11
23119.0,11
23129.0,7
23139.0,6
23149.0,5
23159.0,11
23169.0,6
23179.0,10
23189.0,8
23199.0,8
23209.0,8
23219.0,16
23229.0,7
23239.0,9
23249.0,8
23259.0,7
23269.0,13
23279.0,7
23289.0,6
23299.0,8
23309.0,17
23319.0,6
23329.0,11
23339.0,10
23349.0,11
23359.0,13
23369.0,10
23379.0,8
23389.0,11
23399.0,6
23409.0,10
23419.0,6
23429.0,8
23439.0,13
23449.0,4
23459.0,12
23469.0,9
23479.0,8
23489.0,15
23499.0,13
23509.0,13
23519.0,5
23529.0,12
23539.0,6
23549.0,11
23559.0,10
23569.0,9
23579.0,9
23589.0,3
23599.0,12
23609.0,10
23619.0,13
23629.0,11
23639.0,10
23649.0,11
23659.0,8
23669.0,7
23679.0,10
23689.0,10
23699.0,15
23709.0,10
23719.0,7
23729.0,12
23739.0,17
23749.0,8
23759.0,11
23769.0,10
23779.0,9
23789.0,9
23799.0,10
23809.0,12
23819.0,15
23829.0,17
23839.0,8
23849.0,13
23859.0,10
23869.0,14
23879.0,13
23889.0,15
23899.0,12
23909.0,12
23919.0,15
23929.0,9
23939.0,6
23949.0,9
23959.0,15
23969.0,10
23979.0,12
23989.0,11
23999.0,13
24009.0,22
24019.0,8
24029.0,6
24039.0,12
24049.0,13
24059.0,12
24069.0,14
24079.0,6
24089.0,10
24099.0,4
24109.0,7
24119.0,11
24129.0,11
24139.0,11
24149.0,16
24159.0,16
24169.0,16
24179.0,13
24189.0,11
24199.0,14
24209.0,15
24219.0,9
24229.0,22
24239.0,14
24249.0,12
24259.0,14
24269.0,12
24279.0,14
24289.0,15
24299.0,14
24309.0,10
24319.0,17
24329.0,17
24339.0,11
24349.0,7
24359.0,19
24369.0,15
24379.0,16
24389.0,12
24399.0,12
24409.0,16
24419.0,15
24429.0,13
24439.0,14
24449.0,13
24459.0,28
24469.0,13
24479.0,12
24489.0,13
24499.0,13
24509.0,11
24519.0,21
24529.0,12
24539.0,21
24549.0,13
24559.0,14
24569.0,14
24579.0,9
24589.0,11
24599.0,19
24609.0,13
24619.0,11
24629.0,11
24639.0,11
24649.0,10
24659.0,19
24669.0,16
24679.0,12
24689.0,14
24699.0,10
24709.0,15
24719.0,22
24729.0,16
24739.0,11
24749.0,17
24759.0,14
24769.0,11
24779.0,9
24789.0,12
24799.0,9
24809.0,11
24819.0,9
24829.0,15
24839.0,18
24849.0,17
24859.0,12
24869.0,14
24879.0,8
24889.0,18
24899.0,11
24909.0,15
24919.0,18
24929.0,12
24939.0,9
24949.0,17
24959.0,17
24969.0,12
24979.0,18
24989.0,14
24999.0,18
25009.0,20
25019.0,22
25029.0,13
25039.0,15
25049.0,12
25059.0,16
25069.0,17
25079.0,18
25089.0,17
25099.0,22
25109.0,15
25119.0,15
25129.0,23
25139.0,14
25149.0,20
25159.0,16
25169.0,20
25179.0,14
25189.0,21
25199.0,20
25209.0,19
25219.0,20
25229.0,15
25239.0,18
25249.0,17
25259.0,18
25269.0,23
25279.0,17
25289.0,22
25299.0,16
25309.0,17
25319.0,16
25329.0,18
25339.0,18
25349.0,23
25359.0,14
25369.0,23
25379.0,16
25389.0,19
25399.0,12
25409.0,19
25419.0,13
25429.0,18
25439.0,17
25449.0,21
25459.0,21
25469.0,17
25479.0,14
25489.0,23
25499.0,22
25509.0,17
25519.0,18
25529.0,15
25539.0,22
25549.0,14
25559.0,24
25569.0,21
25579.0,7
25589.0,14
25599.0,17
25609.0,27
25619.0,12
25629.0,17
25639.0,17
25649.0,16
25659.0,21
25669.0,13
25679.0,17
25689.0,23
25699.0,22
25709.0,14
25719.0,25
25729.0,28
25739.0,25
25749.0,21
25759.0,20
25769.0,21
25779.0,12
25789.0,19
25799.0,21
25809.0,13
25819.0,19
25829.0,24
25839.0,22
25849.0,19
25859.0,25
25869.0,20
25879.0,15
25889.0,27
25899.0,18
25909.0,16
25919.0,18
25929.0,16
25939.0,15
25949.0,22
25959.0,15
25969.0,26
25979.0,15
25989.0,19
25999.0,18
26009.0,19
26019.0,22
26029.0,22
26039.0,25
26049.0,24
26059.0,21
26069.0,19
26079.0,18
26089.0,15
26099.0,14
26109.0,23
26119.0,27
26129.0,24
26139.0,19
26149.0,20
26159.0,15
26169.0,24
26179.0,16
26189.0,13
26199.0,24
26209.0,16
26219.0,23
26229.0,20
26239.0,22
26249.0,17
26259.0,29
26269.0,34
26279.0,20
26289.0,26
26299.0,14
26309.0,31
26319.0,14
26329.0,21
26339.0,18
26349.0,14
26359.0,12
26369.0,24
26379.0,25
26389.0,21
26399.0,17
26409.0,24
26419.0,28
26429.0,20
26439.0,28
26449.0,22
26459.0,31
26469.0,20
26479.0,25
26489.0,23
26499.0,23
26509.0,27
26519.0,16
26529.0,25
26539.0,23
26549.0,25
26559.0,16
26569.0,30
26579.0,28
26589.0,17
26599.0,27
26609.0,20
26619.0,22
26629.0,34
26639.0,34
26649.0,22
26659.0,21
26669.0,23
26679.0,16
26689.0,20
26699.0,24
26709.0,24
26719.0,19
26729.0,29
26739.0,30
26749.0,29
26759.0,27
26769.0,26
26779.0,23
26789.0,27
26799.0,25
26809.0,26
26819.0,32
26829.0,20
26839.0,21
26849.0,32
26859.0,14
26869.0,16
26879.0,21
26889.0,24
26899.0,15
26909.0,17
26919.0,23
26929.0,30
26939.0,24
26949.0,22
26959.0,29
26969.0,28
26979.0,24
26989.0,24
26999.0,25
27009.0,28
27019.0,34
27029.0,20
27039.0,24
27049.0,24
27059.0,27
27069.0,24
27079.0,30
27089.0,24
27099.0,21
27109.0,21
27119.0,26
27129.0,35
27139.0,29
27149.0,29
27159.0,27
27169.0,17
27179.0,28
27189.0,27
27199.0,21
27209.0,16
27219.0,22
27229.0,27
27239.0,23
27249.0,23
27259.0,23
27269.0,30
27279.0,33
27289.0,27
27299.0,18
27309.0,25
27319.0,33
27329.0,28
27339.0,24
27349.0,23
27359.0,28
27369.0,25
27379.0,26
27389.0,32
27399.0,24
27409.0,26
27419.0,23
27429.0,27
27439.0,25
27449.0,35
27459.0,21
27469.0,30
27479.0,23
27489.0,20
27499.0,26
27509.0,22
27519.0,28
27529.0,20
27539.0,34
27549.0,24
27559.0,19
27569.0,23
27579.0,28
27589.0,32
27599.0,32
27609.0,31
27619.0,19
27629.0,18
27639.0,40
27649.0,32
27659.0,32
27669.0,23
27679.0,37
27689.0,31
27699.0,25
27709.0,26
27719.0,30
27729.0,24
27739.0,28
27749.0,22
27759.0,39
27769.0,34
27779.0,27
27789.0,29
27799.0,36
27809.0,32
27819.0,23
27829.0,19
27839.0,24
27849.0,26
27859.0,25
27869.0,25
27879.0,30
27889.0,33
27899.0,26
27909.0,34
27919.0,26
27929.0,22
27939.0,31
27949.0,33
27959.0,28
27969.0,39
27979.0,35
27989.0,33
27999.0,28
28009.0,33
28019.0,24
28029.0,26
28039.0,22
28049.0,26
28059.0,26
28069.0,32
28079.0,17
28089.0,26
28099.0,20
28109.0,33
28119.0,29
28129.0,26
28139.0,31
28149.0,26
28159.0,38
28169.0,29
28179.0,20
28189.0,36
28199.0,31
28209.0,30
28219.0,33
28229.0,39
28239.0,31
28249.0,37
28259.0,28
28269.0,35
28279.0,27
28289.0,40
28299.0,23
28309.0,24
28319.0,37
28329.0,22
28339.0,30
28349.0,19
28359.0,33
28369.0,33
28379.0,27
28389.0,28
28399.0,37
28409.0,24
28419.0,32
28429.0,27
28439.0,40
28449.0,47
28459.0,30
28469.0,33
28479.0,28
28489.0,23
28499.0,23
28509.0,30
28519.0,27
28529.0,28
28539.0,29
28549.0,34
28559.0,35
28569.0,19
28579.0,31
28589.0,20
28599.0,30
28609.0,31
28619.0,38
28629.0,22
28639.0,30
28649.0,23
28659.0,25
28669.0,20
28679.0,21
28689.0,31
28699.0,23
28709.0,30
28719.0,42
28729.0,24
28739.0,29
28749.0,28
28759.0,31
28769.0,39
28779.0,35
28789.0,29
28799.0,25
28809.0,42
28819.0,31
28829.0,15
28839.0,34
28849.0,27
28859.0,25
28869.0,33
28879.0,30
28889.0,36
28899.0,24
28909.0,24
28919.0,27
28929.0,31
28939.0,29
28949.0,33
28959.0,29
28969.0,31
28979.0,29
28989.0,29
28999.0,31
29009.0,33
29019.0,33
29029.0,33
29039.0,31
29049.0,32
29059.0,30
29069.0,27
29079.0,29
29089.0,34
29099.0,23
29109.0,22
29119.0,25
29129.0,37
29139.0,31
29149.0,32
29159.0,26
29169.0,27
29179.0,24
29189.0,24
29199.0,39
29209.0,31
29219.0,39
29229.0,31
29239.0,21
29249.0,32
29259.0,34
29269.0,26
29279.0,34
29289.0,39
29299.0,25
29309.0,30
29319.0,34
29329.0,40
29339.0,34
29349.0,33
29359.0,34
29369.0,34
29379.0,34
29389.0,32
29399.0,25
29409.0,33
29419.0,32
29429.0,23
29439.0,30
29449.0,28
29459.0,27
29469.0,30
29479.0,22
29489.0,27
29499.0,23
29509.0,29
29519.0,43
29529.0,20
29539.0,38
29549.0,28
29559.0,30
29569.0,38
29579.0,28
29589.0,30
29599.0,23
29609.0,33
29619.0,30
29629.0,30
29639.0,27
29649.0,32
29659.0,36
29669.0,31
29679.0,25
29689.0,18
29699.0,34
29709.0,34
29719.0,31
29729.0,28
29739.0,27
29749.0,21
29759.0,30
29769.0,31
29779.0,27
29789.0,29
29799.0,30
29809.0,20
29819.0,33
29829.0,25
29839.0,30
29849.0,30
29859.0,26
29869.0,27
29879.0,25
29889.0,25
29899.0,37
29909.0,23
29919.0,27
29929.0,37
29939.0,28
29949.0,33
29959.0,30
29969.0,34
29979.0,19
29989.0,29
29999.0,29
30009.0,32
30019.0,28
30029.0,32
30039.0,31
30049.0,20
30059.0,31
30069.0,21
30079.0,21
30089.0,29
30099.0,29
30109.0,38
30119.0,27
30129.0,22
30139.0,22
30149.0,22
30159.0,32
30169.0,18
30179.0,17
30189.0,29
30199.0,19
30209.0,18
30219.0,25
30229.0,29
30239.0,26
30249.0,24
30259.0,28
30269.0,31
30279.0,29
30289.0,21
30299.0,29
30309.0,32
30319.0,33
30329.0,20
30339.0,31
30349.0,27
30359.0,27
30369.0,26
30379.0,18
30389.0,24
30399.0,29
30409.0,22
30419.0,27
30429.0,24
30439.0,24
30449.0,29
30459.0,27
30469.0,23
30479.0,27
30489.0,20
30499.0,23
30509.0,21
30519.0,28
30529.0,20
30539.0,20
30549.0,24
30559.0,28
30569.0,20
30579.0,17
30589.0,30
30599.0,21
30609.0,28
30619.0,24
30629.0,32
30639.0,22
30649.0,20
30659.0,29
30669.0,24
30679.0,33
30689.0,26
30699.0,23
30709.0,21
30719.0,16
30729.0,22
30739.0,13
30749.0,18
30759.0,23
30769.0,24
30779.0,27
30789.0,22
30799.0,23
30809.0,27
30819.0,23
30829.0,24
30839.0,17
30849.0,33
30859.0,23
30869.0,16
30879.0,27
30889.0,25
30899.0,27
30909.0,26
30919.0,30
30929.0,21
30939.0,28
30949.0,21
30959.0,21
30969.0,14
30979.0,25
30989.0,18
30999.0,19
31009.0,22
31019.0,24
31029.0,23
31039.0,18
31049.0,17
31059.0,22
31069.0,24
31079.0,24
31089.0,26
31099.0,31
31109.0,21
31119.0,19
31129.0,16
31139.0,22
31149.0,27
31159.0,9
31169.0,20
31179.0,29
31189.0,20
31199.0,21
31209.0,17
31219.0,26
31229.0,17
31239.0,17
31249.0,16
31259.0,25
31269.0,22
31279.0,27
31289.0,19
31299.0,24
31309.0,33
31319.0,18
31329.0,16
31339.0,17
31349.0,28
31359.0,24
31369.0,18
31379.0,15
31389.0,14
31399.0,27
31409.0,22
31419.0,16
31429.0,17
31439.0,20
31449.0,13
31459.0,17
31469.0,19
31479.0,18
31489.0,23
31499.0,26
31509.0,18
31519.0,17
31529.0,21
31539.0,19
31549.0,15
31559.0,12
31569.0,13
31579.0,23
31589.0,16
31599.0,24
31609.0,18
31619.0,18
31629.0,21
31639.0,22
31649.0,19
31659.0,16
31669.0,14
31679.0,13
31689.0,18
31699.0,9
31709.0,18
31719.0,18
31729.0,22
31739.0,21
31749.0,17
31759.0,16
31769.0,18
31779.0,16
31789.0,16
31799.0,18
31809.0,17
31819.0,11
31829.0,18
31839.0,18
31849.0,14
31859.0,19
31869.0,12
31879.0,20
31889.0,17
31899.0,8
31909.0,15
31919.0,13
31929.0,13
31939.0,18
31949.0,16
31959.0,14
31969.0,12
31979.0,19
31989.0,14
31999.0,13
32009.0,15
32019.0,14
32029.0,16
32039.0,17
32049.0,19
32059.0,16
32069.0,17
32079.0,16
32089.0,16
32099.0,19
32109.0,11
32119.0,13
32129.0,16
32139.0,9
32149.0,16
32159.0,19
32169.0,5
32179.0,11
32189.0,18
32199.0,15
32209.0,15
32219.0,15
32229.0,12
32239.0,20
32249.0,17
32259.0,24
32269.0,17
32279.0,13
32289.0,7
32299.0,18
32309.0,17
32319.0,14
32329.0,16
32339.0,13
32349.0,15
32359.0,10
32369.0,14
32379.0,11
32389.0,9
32399.0,18
32409.0,13
32419.0,16
32429.0,15
32439.0,13
32449.0,14
32459.0,16
32469.0,13
32479.0,15
32489.0,12
32499.0,16
32509.0,11
32519.0,14
32529.0,16
32539.0,17
32549.0,8
32559.0,10
32569.0,22
32579.0,15
32589.0,7
32599.0,14
32609.0,13
32619.0,11
32629.0,13
32639.0,18
32649.0,6
32659.0,13
32669.0,11
32679.0,15
32689.0,13
32699.0,12
32709.0,11
32719.0,17
32729.0,5
32739.0,7
32749.0,2
32759.0,11
32769.0,4
32779.0,15
32789.0,7
32799.0,12
32809.0,14
32819.0,9
32829.0,11
32839.0,12
32849.0,15
32859.0,12
32869.0,9
32879.0,9
32889.0,6
32899.0,11
32909.0,14
32919.0,9
32929.0,12
32939.0,13
32949.0,6
32959.0,8
32969.0,7
32979.0,11
32989.0,13
32999.0,16
33009.0,10
33019.0,16
33029.0,7
33039.0,10
33049.0,9
33059.0,6
33069.0,8
33079.0,8
33089.0,9
33099.0,4
33109.0,6
33119.0,12
33129.0,5
33139.0,9
33149.0,9
33159.0,11
33169.0,8
33179.0,9
33189.0,9
33199.0,14
33209.0,12
33219.0,8
33229.0,8
33239.0,2
33249.0,7
33259.0,6
33269.0,12
33279.0,4
33289.0,2
33299.0,12
33309.0,11
33319.0,5
33329.0,3
33339.0,7
33349.0,9
33359.0,7
33369.0,11
33379.0,7
33389.0,13
33399.0,12
33409.0,10
33419.0,10
33429.0,10
33439.0,12
33449.0,6
33459.0,8
33469.0,4
33479.0,13
33489.0,7
33499.0,5
33509.0,11
33519.0,8
33529.0,4
33539.0,8
33549.0,10
33559.0,8
33569.0,6
33579.0,5
33589.0,5
33599.0,7
33609.0,7
33619.0,5
33629.0,9
33639.0,2
33649.0,9
33659.0,5
33669.0,6
33679.0,6
33689.0,9
33699.0,7
33709.0,6
33719.0,12
33729.0,3
33739.0,8
33749.0,13
33759.0,5
33769.0,9
33779.0,11
33789.0,5
33799.0,11
33809.0,7
33819.0,9
33829.0,6
33839.0,4
33849.0,8
33859.0,5
33869.0,7
33879.0,3
33889.0,10
33899.0,11
33909.0,3
33919.0,4
33929.0,8
33939.0,5
33949.0,5
33959.0,7
33969.0,8
33979.0,5
33989.0,2
33999.0,7
34009.0,7
34019.0,2
34029.0,7
34039.0,5
34049.0,3
34059.0,7
34069.0,11
34079.0,6
34089.0,5
34099.0,7
34109.0,1
34119.0,5
34129.0,5
34139.0,9
34149.0,5
34159.0,9
34169.0,3
34179.0,5
34189.0,8
34199.0,6
34209.0,8
34219.0,1
34229.0,1
34239.0,3
34249.0,6
34259.0,4
34269.0,7
34279.0,9
34289.0,3
34299.0,4
34309.0,5
34319.0,7
34329.0,4
34339.0,5
34349.0,2
34359.0,7
34369.0,3
34379.0,9
34389.0,3
34399.0,2
34409.0,6
34419.0,6
34429.0,6
34439.0,5
34449.0,3
34459.0,11
34469.0,8
34479.0,4
34489.0,5
34499.0,9
34509.0,4
34519.0,4
34529.0,5
34539.0,4
34549.0,5
34559.0,4
34569.0,3
34579.0,10
34589.0,4
34599.0,0
34609.0,9
34619.0,3
34629.0,3
34639.0,3
34649.0,8
34659.0,7
34669.0,4
34679.0,2
34689.0,5
34699.0,0
34709.0,2
34719.0,6
34729.0,4
34739.0,2
34749.0,7
34759.0,5
34769.0,3
34779.0,2
34789.0,3
34799.0,4
34809.0,7
34819.0,2
34829.0,5
34839.0,0
34849.0,4
34859.0,4
34869.0,5
34879.0,6
34889.0,2
34899.0,3
34909.0,6
34919.0,5
34929.0,9
34939.0,6
34949.0,5
34959.0,2
34969.0,0
34979.0,2
34989.0,3
34999.0,7
35009.0,4
35019.0,4
35029.0,2
35039.0,6
35049.0,5
35059.0,2
35069.0,3
35079.0,7
35089.0,3
35099.0,3
35109.0,2
35119.0,4
35129.0,4
35139.0,3
35149.0,3
35159.0,4
35169.0,2
35179.0,3
35189.0,0
35199.0,4
35209.0,5
35219.0,3
35229.0,4
35239.0,2
35249.0,5
35259.0,1
35269.0,6
35279.0,7
35289.0,4
35299.0,0
35309.0,3
35319.0,6
35329.0,2
35339.0,5
35349.0,4
35359.0,1
35369.0,1
35379.0,4
35389.0,3
35399.0,6
35409.0,2
35419.0,8
35429.0,5
35439.0,1
35449.0,3
35459.0,2
35469.0,6
35479.0,2
35489.0,3
35499.0,3
35509.0,1
35519.0,5
35529.0,4
35539.0,1
35549.0,1
35559.0,0
35569.0,6
35579.0,4
35589.0,2
35599.0,1
35609.0,6
35619.0,5
35629.0,6
35639.0,2
35649.0,1
35659.0,3
35669.0,3
35679.0,3
35689.0,3
35699.0,2
35709.0,1
35719.0,0
35729.0,2
35739.0,3
35749.0,4
35759.0,4
35769.0,6
35779.0,3
35789.0,1
35799.0,2
35809.0,2
35819.0,1
35829.0,3
35839.0,3
35849.0,0
35859.0,4
35869.0,3
35879.0,2
35889.0,2
35899.0,6
35909.0,4
35919.0,2
35929.0,0
35939.0,2
35949.0,2
35959.0,3
35969.0,2
35979.0,3
35989.0,0
35999.0,0
36009.0,7
36019.0,3
36029.0,5
36039.0,3
36049.0,2
36059.0,5
36069.0,2
36079.0,1
36089.0,2
36099.0,2
36109.0,3
36119.0,3
36129.0,2
36139.0,1
36149.0,0
36159.0,4
36169.0,5
36179.0,1
36189.0,2
36199.0,2
36209.0,2
36219.0,4
36229.0,1
36239.0,2
36249.0,4
36259.0,3
36269.0,1
36279.0,4
36289.0,2
36299.0,0
36309.0,3
36319.0,4
36329.0,0
36339.0,3
36349.0,3
36359.0,3
36369.0,4
36379.0,4
36389.0,5
36399.0,4
36409.0,0
36419.0,2
36429.0,2
36439.0,3
36449.0,3
36459.0,2
36469.0,1
36479.0,1
36489.0,4
36499.0,1
36509.0,2
36519.0,2
36529.0,3
36539.0,4
36549.0,2
36559.0,3
36569.0,2
36579.0,1
36589.0,2
36599.0,2
36609.0,2
36619.0,3
36629.0,1
36639.0,2
36649.0,1
36659.0,2
36669.0,3
36679.0,3
36689.0,0
36699.0,3
36709.0,2
36719.0,1
36729.0,3
36739.0,2
36749.0,1
36759.0,4
36769.0,1
36779.0,2
36789.0,3
36799.0,0
36809.0,2
36819.0,1
36829.0,1
36839.0,1
36849.0,2
36859.0,1
36869.0,2
36879.0,1
36889.0,1
36899.0,2
36909.0,0
36919.0,1
36929.0,3
36939.0,3
36949.0,3
36959.0,1
36969.0,2
36979.0,2
36989.0,3
36999.0,0
37009.0,1
37019.0,3
37029.0,3
37039.0,3
37049.0,2
37059.0,0
37069.0,2
37079.0,4
37089.0,2
37099.0,0
37109.0,2
37119.0,0
37129.0,4
37139.0,0
37149.0,1
37159.0,2
37169.0,0
37179.0,0
37189.0,1
37199.0,3
37209.0,1
37219.0,1
37229.0,0
37239.0,1
37249.0,2
37259.0,0
37269.0,0
37279.0,0
37289.0,1
37299.0,3
37309.0,1
37319.0,3
37329.0,2
37339.0,2
37349.0,0
37359.0,3
37369.0,1
37379.0,2
37389.0,2
37399.0,1
37409.0,1
37419.0,0
37429.0,2
37439.0,1
37449.0,1
37459.0,2
37469.0,2
37479.0,0
37489.0,2
37499.0,2
37509.0,1
37519.0,1
37529.0,1
37539.0,0
37549.0,0
37559.0,0
37569.0,0
37579.0,1
37589.0,3
37599.0,0
37609.0,2
37619.0,2
37629.0,0
37639.0,1
37649.0,2
37659.0,3
37669.0,1
37679.0,0
37689.0,0
37699.0,0
37709.0,2
37719.0,0
37729.0,2
37739.0,4
37749.0,3
37759.0,1
37769.0,0
37779.0,0
37789.0,1
37799.0,0
37809.0,0
37819.0,1
37829.0,3
37839.0,1
37849.0,2
37859.0,1
37869.0,2
37879.0,1
37889.0,1
37899.0,1
37909.0,2
37919.0,1
37929.0,2
37939.0,0
37949.0,0
37959.0,1
37969.0,1
37979.0,3
37989.0,2
37999.0,0
38009.0,3
38019.0,0
38029.0,1
38039.0,1
38049.0,1
38059.0,1
38069.0,1
38079.0,1
38089.0,2
38099.0,1
38109.0,1
38119.0,2
38129.0,0
38139.0,2
38149.0,1
38159.0,1
38169.0,0
38179.0,1
38189.0,4
38199.0,3
38209.0,2
38219.0,1
38229.0,0
38239.0,1
38249.0,0
38259.0,1
38269.0,1
38279.0,1
38289.0,1
38299.0,0
38309.0,1
38319.0,1
38329.0,0
38339.0,4
38349.0,1
38359.0,1
38369.0,1
38379.0,0
38389.0,0
38399.0,0
38409.0,0
38419.0,0
38429.0,1
38439.0,1
38449.0,3
38459.0,0
38469.0,0
38479.0,2
38489.0,4
38499.0,1
38509.0,4
38519.0,3
38529.0,0
38539.0,0
38549.0,0
38559.0,1
38569.0,2
38579.0,1
38589.0,2
38599.0,1
38609.0,0
38619.0,1
38629.0,0
38639.0,1
38649.0,1
38659.0,2
38669.0,1
38679.0,0
38689.0,0
38699.0,0
38709.0,0
38719.0,1
38729.0,1
38739.0,0
38749.0,0
38759.0,1
38769.0,3
38779.0,2
38789.0,1
38799.0,3
38809.0,1
38819.0,1
38829.0,0
38839.0,1
38849.0,0
38859.0,1
38869.0,1
38879.0,0
38889.0,2
38899.0,1
38909.0,2
38919.0,0
38929.0,1
38939.0,2
38949.0,2
38959.0,1
38969.0,0
38979.0,0
38989.0,1
38999.0,1
39009.0,0
39019.0,1
39029.0,1
39039.0,2
39049.0,1
39059.0,3
39069.0,1
39079.0,2
39089.0,0
39099.0,1
39109.0,1
39119.0,1
39129.0,1
39139.0,0
39149.0,0
39159.0,0
39169.0,1
39179.0,3
39189.0,0
39199.0,3
39209.0,3
39219.0,1
39229.0,1
39239.0,3
39249.0,1
39259.0,1
39269.0,0
39279.0,2
39289.0,0
39299.0,1
39309.0,0
39319.0,2
39329.0,0
39339.0,0
39349.0,1
39359.0,3
39369.0,2
39379.0,0
39389.0,2
39399.0,1
39409.0,0
39419.0,2
39429.0,0
39439.0,3
39449.0,1
39459.0,1
39469.0,0
39479.0,0
39489.0,0
39499.0,0
39509.0,1
39519.0,0
39529.0,0
39539.0,1
39549.0,2
39559.0,0
39569.0,1
39579.0,4
39589.0,1
39599.0,0
39609.0,1
39619.0,2
39629.0,0
39639.0,2
39649.0,0
39659.0,3
39669.0,1
39679.0,2
39689.0,0
39699.0,1
39709.0,1
39719.0,0
39729.0,1
39739.0,0
39749.0,2
39759.0,0
39769.0,0
39779.0,1
39789.0,2
39799.0,1
39809.0,5
39819.0,0
39829.0,1
39839.0,0
39849.0,1
39859.0,1
39869.0,0
39879.0,0
39889.0,2
39899.0,0
39909.0,0
39919.0,1
39929.0,0
39939.0,0
39949.0,1
39959.0,1
39969.0,0
39979.0,2
39989.0,0
39999.0,0
40009.0,1
40019.0,2
40029.0,1
40039.0,0
40049.0,0
40059.0,2
40069.0,0
40079.0,1
40089.0,0
40099.0,2
40109.0,3
40119.0,1
40129.0,2
40139.0,2
40149.0,1
40159.0,0
40169.0,0
40179.0,0
40189.0,0
40199.0,1
40209.0,1
40219.0,0
40229.0,3
40239.0,1
40249.0,1
40259.0,5
40269.0,1
40279.0,0
40289.0,0
40299.0,2
40309.0,2
40319.0,0
40329.0,1
40339.0,0
40349.0,0
40359.0,0
40369.0,2
40379.0,2
40389.0,2
40399.0,0
40409.0,1
40419.0,1
40429.0,1
40439.0,0
40449.0,1
40459.0,0
40469.0,2
40479.0,0
40489.0,1
40499.0,0
40509.0,0
40519.0,1
40529.0,2
40539.0,2
40549.0,0
40559.0,1
40569.0,0
40579.0,1
40589.0,1
40599.0,0
40609.0,1
40619.0,1
40629.0,0
40639.0,1
40649.0,0
40659.0,0
40669.0,1
40679.0,3
40689.0,1
40699.0,2
40709.0,1
40719.0,2
40729.0,3
40739.0,0
40749.0,2
40759.0,0
40769.0,0
40779.0,1
40789.0,0
40799.0,2
40809.0,1
40819.0,3
40829.0,0
40839.0,1
40849.0,2
40859.0,1
40869.0,2
40879.0,0
40889.0,0
40899.0,2
40909.0,2
40919.0,0
40929.0,1
40939.0,1
40949.0,1
40959.0,0
40969.0,1
40979.0,1
40989.0,0
40999.0,1
41009.0,0
41019.0,1
41029.0,2
41039.0,3
41049.0,0
41059.0,3
41069.0,1
41079.0,1
41089.0,0
41099.0,1
41109.0,0
41119.0,4
41129.0,0
41139.0,2
41149.0,0
41159.0,3
41169.0,0
41179.0,2
41189.0,0
41199.0,2
41209.0,1
41219.0,1
41229.0,3
41239.0,3
41249.0,0
41259.0,2
41269.0,1
41279.0,1
41289.0,1
41299.0,0
41309.0,2
41319.0,1
41329.0,1
41339.0,1
41349.0,4
41359.0,3
41369.0,0
41379.0,3
41389.0,2
41399.0,1
41409.0,3
41419.0,0
41429.0,1
41439.0,0
41449.0,3
41459.0,3
41469.0,1
41479.0,0
41489.0,0
41499.0,0
41509.0,1
41519.0,0
41529.0,0
41539.0,0
41549.0,2
41559.0,0
41569.0,1
41579.0,1
41589.0,1
41599.0,2
41609.0,1
41619.0,3
41629.0,1
41639.0,1
41649.0,1
41659.0,3
41669.0,0
41679.0,3
41689.0,2
41699.0,1
41709.0,0
41719.0,1
41729.0,1
41739.0,0
41749.0,1
41759.0,3
41769.0,0
41779.0,1
41789.0,0
41799.0,3
41809.0,0
41819.0,0
41829.0,2
41839.0,2
41849.0,1
41859.0,0
41869.0,1
41879.0,3
41889.0,2
41899.0,0
41909.0,0
41919.0,0
41929.0,1
41939.0,1
41949.0,1
41959.0,2
41969.0,2
41979.0,0
41989.0,0
41999.0,1
42009.0,1
42019.0,1
42029.0,1
42039.0,2
42049.0,1
42059.0,0
42069.0,0
42079.0,1
42089.0,1
42099.0,1
42109.0,3
42119.0,0
42129.0,1
42139.0,2
42149.0,0
42159.0,1
42169.0,0
42179.0,0
42189.0,2
42199.0,1
42209.0,0
42219.0,1
42229.0,1
42239.0,1
42249.0,1
42259.0,0
42269.0,3
42279.0,1
42289.0,2
42299.0,0
42309.0,1
42319.0,0
42329.0,3
42339.0,0
42349.0,2
42359.0,0
42369.0,2
42379.0,0
42389.0,1
42399.0,1
42409.0,0
42419.0,2
42429.0,1
42439.0,2
42449.0,3
42459.0,1
42469.0,0
42479.0,1
42489.0,2
42499.0,1
42509.0,1
42519.0,0
42529.0,3
42539.0,2
42549.0,3
42559.0,2
42569.0,0
42579.0,1
42589.0,1
42599.0,2
42609.0,2
42619.0,1
42629.0,2
42639.0,0
42649.0,0
42659.0,1
42669.0,5
42679.0,0
42689.0,0
42699.0,1
42709.0,0
42719.0,0
42729.0,1
42739.0,0
42749.0,2
42759.0,1
42769.0,3
42779.0,1
42789.0,0
42799.0,1
42809.0,1
42819.0,2
42829.0,0
42839.0,0
42849.0,1
42859.0,1
42869.0,2
42879.0,0
42889.0,1
42899.0,2
42909.0,0
42919.0,0
42929.0,1
42939.0,3
42949.0,0
42959.0,1
42969.0,3
42979.0,0
42989.0,1
42999.0,1
43009.0,1
43019.0,0
43029.0,1
43039.0,2
43049.0,1
43059.0,0
43069.0,3
43079.0,0
43089.0,1
43099.0,0
43109.0,2
43119.0,3
43129.0,0
43139.0,0
43149.0,0
43159.0,0
43169.0,2
43179.0,3
43189.0,0
43199.0,1
43209.0,1
43219.0,1
43229.0,1
43239.0,1
43249.0,1
43259.0,2
43269.0,3
43279.0,0
43289.0,0
43299.0,1
43309.0,1
43319.0,5
43329.0,2
43339.0,1
43349.0,3
43359.0,2
43369.0,0
43379.0,0
43389.0,0
43399.0,0
43409.0,1
43419.0,0
43429.0,2
43439.0,1
43449.0,2
43459.0,0
43469.0,0
43479.0,0
43489.0,1
43499.0,1
43509.0,2
43519.0,1
43529.0,1
43539.0,0
43549.0,1
43559.0,2
43569.0,2
43579.0,0
43589.0,1
43599.0,1
43609.0,1
43619.0,2
43629.0,0
43639.0,0
43649.0,0
43659.0,1
43669.0,0
43679.0,0
43689.0,2
43699.0,4
43709.0,1
43719.0,0
43729.0,1
43739.0,1
43749.0,2
43759.0,1
43769.0,4
43779.0,0
43789.0,0
43799.0,3
43809.0,1
43819.0,0
43829.0,1
43839.0,1
43849.0,2
43859.0,1
43869.0,3
43879.0,1
43889.0,0
43899.0,1
43909.0,0
43919.0,2
43929.0,0
43939.0,1
43949.0,0
43959.0,0
43969.0,0
43979.0,3
43989.0,3
43999.0,3
44009.0,1
44019.0,1
44029.0,0
44039.0,0
44049.0,0
44059.0,2
44069.0,1
44079.0,2
44089.0,1
44099.0,2
44109.0,1
44119.0,3
44129.0,0
44139.0,0
44149.0,0
44159.0,2
44169.0,2
44179.0,0
44189.0,1
44199.0,1
44209.0,0
44219.0,0
44229.0,1
44239.0,0
44249.0,0
44259.0,0
44269.0,0
44279.0,1
44289.0,2
44299.0,2
44309.0,1
44319.0,2
44329.0,1
44339.0,1
44349.0,1
44359.0,1
44369.0,3
44379.0,0
44389.0,3
44399.0,0
44409.0,3
44419.0,1
44429.0,4
44439.0,1
44449.0,0
44459.0,3
44469.0,0
44479.0,0
44489.0,1
44499.0,0
44509.0,3
44519.0,0
44529.0,1
44539.0,1
44549.0,2
44559.0,1
44569.0,1
44579.0,1
44589.0,0
44599.0,0
44609.0,4
44619.0,1
44629.0,1
44639.0,1
44649.0,0
44659.0,3
44669.0,1
44679.0,2
44689.0,1
44699.0,2
44709.0,3
44719.0,0
44729.0,0
44739.0,2
44749.0,2
44759.0,0
44769.0,1
44779.0,0
44789.0,0
44799.0,0
44809.0,1
44819.0,2
44829.0,1
44839.0,3
44849.0,1
44859.0,1
44869.0,1
44879.0,0
44889.0,4
44899.0,1
44909.0,0
44919.0,0
44929.0,1
44939.0,1
44949.0,0
44959.0,0
44969.0,0
44979.0,3
44989.0,0
44999.0,1
45009.0,0
45019.0,3
45029.0,0
45039.0,1
45049.0,2
45059.0,2
45069.0,0
45079.0,0
45089.0,0
45099.0,2
45109.0,0
45119.0,3
45129.0,3
45139.0,0
45149.0,0
45159.0,2
45169.0,3
45179.0,1
45189.0,1
45199.0,0
45209.0,2
45219.0,0
45229.0,0
45239.0,0
45249.0,1
45259.0,3
45269.0,1
45279.0,0
45289.0,4
45299.0,1
45309.0,2
45319.0,0
45329.0,1
45339.0,0
45349.0,0
45359.0,0
45369.0,1
45379.0,3
45389.0,1
45399.0,1
45409.0,0
45419.0,1
45429.0,1
45439.0,0
45449.0,1
45459.0,1
45469.0,2
45479.0,3
45489.0,2
45499.0,2
45509.0,1
45519.0,0
45529.0,2
45539.0,1
45549.0,2
45559.0,1
45569.0,3
45579.0,0
45589.0,2
45599.0,5
45609.0,0
45619.0,0
45629.0,0
45639.0,0
45649.0,1
45659.0,1
45669.0,2
45679.0,1
45689.0,0
45699.0,1
45709.0,3
45719.0,3
45729.0,2
45739.0,3
45749.0,0
45759.0,2
45769.0,0
45779.0,1
45789.0,1
45799.0,0
45809.0,1
45819.0,0
45829.0,1
45839.0,1
45849.0,2
45859.0,1
45869.0,1
45879.0,2
45889.0,0
45899.0,1
45909.0,0
45919.0,2
45929.0,2
45939.0,0
45949.0,1
45959.0,1
45969.0,4
45979.0,0
45989.0,0
45999.0,0
46009.0,3
46019.0,1
46029.0,0
46039.0,0
46049.0,2
46059.0,0
46069.0,1
46079.0,1
46089.0,0
46099.0,1
46109.0,0
46119.0,0
46129.0,0
46139.0,0
46149.0,0
46159.0,0
46169.0,1
46179.0,1
46189.0,0
46199.0,0
46209.0,3
46219.0,2
46229.0,0
46239.0,3
46249.0,2
46259.0,1
46269.0,1
46279.0,6
46289.0,2
46299.0,1
46309.0,1
46319.0,0
46329.0,0
46339.0,1
46349.0,0
46359.0,1
46369.0,1
46379.0,1
46389.0,2
46399.0,0
46409.0,0
46419.0,0
46429.0,0
46439.0,0
46449.0,1
46459.0,2
46469.0,1
46479.0,0
46489.0,1
46499.0,1
46509.0,0
46519.0,0
46529.0,0
46539.0,0
46549.0,1
46559.0,0
46569.0,2
46579.0,0
46589.0,2
46599.0,1
46609.0,0
46619.0,1
46629.0,1
46639.0,1
46649.0,3
46659.0,1
46669.0,0
46679.0,0
46689.0,0
46699.0,2
46709.0,2
46719.0,0
46729.0,3
46739.0,0
46749.0,0
46759.0,0
46769.0,0
46779.0,0
46789.0,1
46799.0,2
46809.0,1
46819.0,1
46829.0,0
46839.0,0
46849.0,0
46859.0,0
46869.0,1
46879.0,0
46889.0,1
46899.0,0
46909.0,2
46919.0,1
46929.0,1
46939.0,2
46949.0,1
46959.0,1
46969.0,0
46979.0,2
46989.0,0
46999.0,1
47009.0,0
47019.0,0
47029.0,1
47039.0,2
47049.0,2
47059.0,1
47069.0,1
47079.0,1
47089.0,3
47099.0,3
47109.0,2
47119.0,1
47129.0,0
47139.0,1
47149.0,2
47159.0,2
47169.0,3
47179.0,0
47189.0,0
47199.0,0
47209.0,1
47219.0,0
47229.0,1
47239.0,0
47249.0,3
47259.0,1
47269.0,0
47279.0,1
47289.0,2
47299.0,0
47309.0,1
47319.0,0
47329.0,1
47339.0,1
47349.0,1
47359.0,1
47369.0,0
47379.0,2
47389.0,0
47399.0,1
47409.0,0
47419.0,1
47429.0,3
47439.0,0
47449.0,1
47459.0,1
47469.0,1
47479.0,0
47489.0,2
47499.0,1
47509.0,1
47519.0,2
47529.0,2
47539.0,0
47549.0,0
47559.0,0
47569.0,2
47579.0,1
47589.0,2
47599.0,0
47609.0,1
47619.0,2
47629.0,0
47639.0,0
47649.0,0
47659.0,1
47669.0,1
47679.0,3
47689.0,1
47699.0,2
47709.0,1
47719.0,0
47729.0,0
47739.0,1
47749.0,4
47759.0,1
47769.0,1
47779.0,0
47789.0,0
47799.0,0
47809.0,1
47819.0,1
47829.0,0
47839.0,1
47849.0,2
47859.0,1
47869.0,1
47879.0,3
47889.0,1
47899.0,0
47909.0,0
47919.0,1
47929.0,0
47939.0,2
47949.0,0
47959.0,0
47969.0,0
47979.0,0
47989.0,1
47999.0,0
48009.0,1
48019.0,1
48029.0,0
48039.0,0
48049.0,1
48059.0,0
48069.0,0
48079.0,1
48089.0,0
48099.0,1
48109.0,0
48119.0,0
48129.0,1
48139.0,1
48149.0,2
48159.0,1
48169.0,2
48179.0,0
48189.0,1
48199.0,0
48209.0,3
48219.0,2
48229.0,4
48239.0,1
48249.0,2
48259.0,1
48269.0,0
48279.0,0
48289.0,1
48299.0,1
48309.0,1
48319.0,1
48329.0,0
48339.0,1
48349.0,1
48359.0,1
48369.0,0
48379.0,0
48389.0,1
48399.0,2
48409.0,1
48419.0,1
48429.0,0
48439.0,1
48449.0,1
48459.0,1
48469.0,1
48479.0,1
48489.0,3
48499.0,0
48509.0,1
48519.0,0
48529.0,1
48539.0,2
48549.0,0
48559.0,1
48569.0,1
48579.0,0
48589.0,1
48599.0,0
48609.0,4
48619.0,1
48629.0,3
48639.0,0
48649.0,1
48659.0,1
48669.0,0
48679.0,1
48689.0,0
48699.0,0
48709.0,0
48719.0,2
48729.0,2
48739.0,4
48749.0,2
48759.0,0
48769.0,0
48779.0,1
48789.0,1
48799.0,1
48809.0,2
48819.0,0
48829.0,2
48839.0,1
48849.0,1
48859.0,0
48869.0,0
48879.0,0
48889.0,0
48899.0,2
48909.0,2
48919.0,1
48929.0,0
48939.0,1
48949.0,0
48959.0,2
48969.0,2
48979.0,1
48989.0,0
48999.0,0
49009.0,0
49019.0,1
49029.0,0
49039.0,0
49049.0,0
49059.0,1
49069.0,0
49079.0,2
49089.0,0
49099.0,0
49109.0,1
49119.0,3
49129.0,1
49139.0,0
49149.0,2
49159.0,0
49169.0,1
49179.0,1
49189.0,0
49199.0,2
49209.0,0
49219.0,2
49229.0,1
49239.0,2
49249.0,0
49259.0,2
49269.0,0
49279.0,0
49289.0,3
49299.0,0
49309.0,1
49319.0,4
49329.0,1
49339.0,1
49349.0,0
49359.0,1
49369.0,0
49379.0,1
49389.0,1
49399.0,0
49409.0,2
49419.0,0
49429.0,2
49439.0,0
49449.0,1
49459.0,0
49469.0,0
49479.0,2
49489.0,1
49499.0,0
49509.0,1
49519.0,0
49529.0,2
49539.0,1
49549.0,0
49559.0,1
49569.0,0
49579.0,0
49589.0,0
49599.0,3
49609.0,1
49619.0,2
49629.0,1
49639.0,0
49649.0,1
49659.0,0
49669.0,1
49679.0,0
49689.0,0
49699.0,0
49709.0,2
49719.0,0
49729.0,0
49739.0,2
49749.0,2
49759.0,0
49769.0,5
49779.0,3
49789.0,1
49799.0,0
49809.0,2
49819.0,1
49829.0,1
49839.0,3
49849.0,0
49859.0,0
49869.0,0
49879.0,1
49889.0,1
49899.0,0
49909.0,1
49919.0,0
49929.0,0
49939.0,1
49949.0,0
49959.0,0
49969.0,0
49979.0,0
49989.0,0
49999.0,0
50009.0,4
50019.0,0
50029.0,1
50039.0,2
50049.0,1
50059.0,1
50069.0,0
50079.0,1
50089.0,0
50099.0,0
50109.0,0
50119.0,1
50129.0,1
50139.0,0
50149.0,1
50159.0,0
50169.0,2
50179.0,0
50189.0,0
50199.0,1
50209.0,0
50219.0,0
50229.0,1
50239.0,1
50249.0,2
50259.0,0
50269.0,3
50279.0,0
50289.0,0
50299.0,2
50309.0,0
50319.0,1
50329.0,2
50339.0,2
50349.0,1
50359.0,0
50369.0,2
50379.0,0
50389.0,0
50399.0,0
50409.0,0
50419.0,0
50429.0,0
50439.0,1
50449.0,0
50459.0,1
50469.0,0
50479.0,0
50489.0,1
50499.0,0
50509.0,0
50519.0,2
50529.0,1
50539.0,0
50549.0,0
50559.0,1
50569.0,1
50579.0,0
50589.0,1
50599.0,1
50609.0,1
50619.0,0
50629.0,0
50639.0,0
50649.0,2
50659.0,1
50669.0,0
50679.0,1
50689.0,1
50699.0,0
50709.0,1
50719.0,0
50729.0,0
50739.0,0
50749.0,1
50759.0,1
50769.0,2
50779.0,0
50789.0,0
50799.0,1
50809.0,1
50819.0,0
50829.0,1
50839.0,0
50849.0,0
50859.0,0
50869.0,1
50879.0,0
50889.0,0
50899.0,3
50909.0,1
50919.0,0
50929.0,1
50939.0,0
50949.0,1
50959.0,1
50969.0,1
50979.0,0
50989.0,0
50999.0,0
51009.0,1
51019.0,0
51029.0,2
51039.0,0
51049.0,0
51059.0,0
51069.0,0
51079.0,0
51089.0,0
51099.0,0
51109.0,1
51119.0,0
51129.0,0
51139.0,1
51149.0,0
51159.0,0
51169.0,0
51179.0,1
51189.0,0
51199.0,0
51209.0,1
51219.0,1
51229.0,2
51239.0,1
51249.0,0
51259.0,0
51269.0,1
51279.0,1
51289.0,0
51299.0,0
51309.0,0
51319.0,1
51329.0,1
51339.0,0
51349.0,0
51359.0,0
51369.0,0
51379.0,0
51389.0,2
51399.0,0
51409.0,0
51419.0,0
51429.0,1
51439.0,1
51449.0,0
51459.0,2
51469.0,0
51479.0,1
51489.0,1
51499.0,0
51509.0,0
51519.0,0
51529.0,1
51539.0,2
51549.0,0
51559.0,0
51569.0,0
51579.0,2
51589.0,1
51599.0,1
51609.0,1
51619.0,0
51629.0,0
51639.0,0
51649.0,0
51659.0,0
51669.0,1
51679.0,0
51689.0,0
51699.0,0
51709.0,1
51719.0,0
51729.0,0
51739.0,0
51749.0,2
51759.0,1
51769.0,1
51779.0,1
51789.0,0
51799.0,1
51809.0,0
51819.0,1
51829.0,0
51839.0,1
51849.0,1
51859.0,0
51869.0,1
51879.0,0
51889.0,0
51899.0,0
51909.0,0
51919.0,1
51929.0,0
51939.0,0
51949.0,0
51959.0,0
51969.0,0
51979.0,0
51989.0,1
51999.0,0
52009.0,0
52019.0,0
52029.0,0
52039.0,0
52049.0,1
52059.0,0
52069.0,0
52079.0,1
52089.0,0
52099.0,0
52109.0,0
52119.0,0
52129.0,0
52139.0,0
52149.0,0
52159.0,0
52169.0,0
52179.0,0
52189.0,0
52199.0,2
52209.0,1
52219.0,0
52229.0,1
52239.0,0
52249.0,0
52259.0,2
52269.0,0
52279.0,0
52289.0,0
52299.0,0
52309.0,1
52319.0,0
52329.0,0
52339.0,0
52349.0,1
52359.0,0
52369.0,0
52379.0,1
52389.0,0
52399.0,1
52409.0,0
52419.0,4
52429.0,0
52439.0,1
52449.0,0
52459.0,0
52469.0,0
52479.0,1
52489.0,0
52499.0,0
52509.0,0
52519.0,1
52529.0,0
52539.0,0
52549.0,0
52559.0,1
52569.0,0
52579.0,0
52589.0,1
52599.0,0
52609.0,0
52619.0,0
52629.0,0
52639.0,0
52649.0,0
52659.0,0
52669.0,1
52679.0,0
52689.0,0
52699.0,0
52709.0,1
52719.0,0
52729.0,0
52739.0,0
52749.0,0
52759.0,2
52769.0,1
52779.0,0
52789.0,0
52799.0,0
52809.0,0
52819.0,0
52829.0,0
52839.0,0
52849.0,2
52859.0,0
52869.0,0
52879.0,0
52889.0,0
52899.0,0
52909.0,1
52919.0,1
52929.0,0
52939.0,0
52949.0,0
52959.0,0
52969.0,1
52979.0,0
52989.0,0
52999.0,0
53009.0,1
53019.0,0
53029.0,0
53039.0,0
53049.0,1
53059.0,0
53069.0,0
53079.0,0
53089.0,0
53099.0,0
53109.0,1
53119.0,0
53129.0,0
53139.0,0
53149.0,2
53159.0,1
53169.0,1
53179.0,1
53189.0,0
53199.0,2
53209.0,0
53219.0,0
53229.0,0
53239.0,0
53249.0,1
53259.0,0
53269.0,0
53279.0,0
53289.0,0
53299.0,1
53309.0,0
53319.0,1
53329.0,0
53339.0,1
53349.0,0
53359.0,0
53369.0,1
53379.0,0
53389.0,1
53399.0,1
53409.0,0
53419.0,0
53429.0,0
53439.0,1
53449.0,0
53459.0,0
53469.0,0
53479.0,0
53489.0,0
53499.0,0
53509.0,1
53519.0,0
53529.0,0
53539.0,1
53549.0,0
53559.0,1
53569.0,0
53579.0,0
53589.0,0
53599.0,0
53609.0,1
53619.0,0
53629.0,0
53639.0,1
53649.0,0
53659.0,0
53669.0,0
53679.0,0
53689.0,0
53699.0,2
53709.0,1
53719.0,0
53729.0,0
53739.0,0
53749.0,0
53759.0,0
53769.0,0
53779.0,1
53789.0,0
53799.0,0
53809.0,0
53819.0,0
53829.0,0
53839.0,0
53849.0,0
53859.0,0
53869.0,0
53879.0,0
53889.0,0
53899.0,2
53909.0,0
53919.0,1
53929.0,0
53939.0,1
53949.0,0
53959.0,0
53969.0,0
53979.0,0
53989.0,0
53999.0,0
54009.0,2
54019.0,1
54029.0,0
54039.0,0
54049.0,2
54059.0,0
54069.0,0
54079.0,0
54089.0,1
54099.0,0
54109.0,0
54119.0,0
54129.0,0
54139.0,0
54149.0,0
54159.0,0
54169.0,1
54179.0,0
54189.0,0
54199.0,0
54209.0,0
54219.0,0
54229.0,1
54239.0,0
54249.0,0
54259.0,0
54269.0,0
54279.0,0
54289.0,0
54299.0,0
54309.0,0
54319.0,0
54329.0,0
54339.0,0
54349.0,1
54359.0,0
54369.0,0
54379.0,1
54389.0,0
54399.0,0
54409.0,0
54419.0,1
54429.0,0
54439.0,0
54449.0,0
54459.0,0
54469.0,0
54479.0,1
54489.0,0
54499.0,2
54509.0,0
54519.0,0
54529.0,0
54539.0,0
54549.0,0
54559.0,1
54569.0,1
54579.0,0
54589.0,0
54599.0,0
54609.0,0
54619.0,0
54629.0,0
54639.0,2
54649.0,1
54659.0,0
54669.0,0
54679.0,0
54689.0,2
54699.0,0
54709.0,0
54719.0,0
54729.0,0
54739.0,1
54749.0,0
54759.0,0
54769.0,1
54779.0,0
54789.0,0
54799.0,0
54809.0,1
54819.0,0
54829.0,0
54839.0,0
54849.0,0
54859.0,0
54869.0,0
54879.0,0
54889.0,0
54899.0,0
54909.0,0
54919.0,0
54929.0,0
54939.0,0
54949.0,0
54959.0,1
54969.0,0
54979.0,0
54989.0,0
54999.0,0
55009.0,0
55019.0,0
55029.0,0
55039.0,0
55049.0,0
55059.0,2
55069.0,0
55079.0,0
55089.0,0
55099.0,0
55109.0,0
55119.0,0
55129.0,0
55139.0,0
55149.0,1
55159.0,1
55169.0,0
55179.0,1
55189.0,1
55199.0,0
55209.0,0
55219.0,0
55229.0,0
55239.0,0
55249.0,0
55259.0,0
55269.0,0
55279.0,1
55289.0,0
55299.0,0
55309.0,0
55319.0,0
55329.0,0
55339.0,0
55349.0,1
55359.0,0
55369.0,2
55379.0,0
55389.0,0
55399.0,1
55409.0,0
55419.0,1
55429.0,0
55439.0,0
55449.0,1
55459.0,1
55469.0,2
55479.0,1
55489.0,0
55499.0,0
55509.0,0
55519.0,0
55529.0,0
55539.0,0
55549.0,1
55559.0,0
55569.0,0
55579.0,0
55589.0,0
55599.0,0
55609.0,0
55619.0,0
55629.0,0
55639.0,0
55649.0,1
55659.0,0
55669.0,0
55679.0,0
55689.0,1
55699.0,0
55709.0,0
55719.0,0
55729.0,0
55739.0,0
55749.0,0
55759.0,0
55769.0,0
55779.0,0
55789.0,0
55799.0,0
55809.0,0
55819.0,0
55829.0,0
55839.0,0
55849.0,0
55859.0,0
55869.0,1
55879.0,1
55889.0,0
55899.0,0
55909.0,0
55919.0,0
55929.0,0
55939.0,0
55949.0,0
55959.0,0
55969.0,0
55979.0,0
55989.0,0
55999.0,0
56009.0,0
56019.0,0
56029.0,0
56039.0,0
56049.0,0
56059.0,0
56069.0,0
56079.0,0
56089.0,0
56099.0,0
56109.0,0
56119.0,0
56129.0,0
56139.0,1
56149.0,0
56159.0,1
56169.0,0
56179.0,0
56189.0,0
56199.0,0
56209.0,0
56219.0,0
56229.0,0
56239.0,0
56249.0,1
56259.0,0
56269.0,0
56279.0,0
56289.0,0
56299.0,0
56309.0,0
56319.0,0
56329.0,0
56339.0,0
56349.0,0
56359.0,0
56369.0,0
56379.0,0
56389.0,0
56399.0,1
56409.0,0
56419.0,0
56429.0,1
56439.0,0
56449.0,0
56459.0,0
56469.0,0
56479.0,0
56489.0,0
56499.0,1
56509.0,0
56519.0,0
56529.0,0
56539.0,0
56549.0,1
56559.0,1
56569.0,0
56579.0,0
56589.0,0
56599.0,0
56609.0,0
56619.0,1
56629.0,0
56639.0,0
56649.0,1
56659.0,0
56669.0,0
56679.0,0
56689.0,0
56699.0,0
56709.0,0
56719.0,0
56729.0,0
56739.0,0
56749.0,1
56759.0,1
56769.0,1
56779.0,0
56789.0,0
56799.0,0
56809.0,0
56819.0,0
56829.0,0
56839.0,0
56849.0,0
56859.0,0
56869.0,0
56879.0,0
56889.0,0
56899.0,1
56909.0,1
56919.0,0
56929.0,0
56939.0,1
56949.0,0
56959.0,0
56969.0,0
56979.0,0
56989.0,0
56999.0,1
57009.0,0
57019.0,0
57029.0,1
57039.0,0
57049.0,0
57059.0,0
57069.0,0
57079.0,0
57089.0,1
57099.0,2
57109.0,0
57119.0,0
57129.0,0
57139.0,0
57149.0,0
57159.0,0
57169.0,0
57179.0,0
57189.0,0
57199.0,0
57209.0,1
57219.0,0
57229.0,2
57239.0,0
57249.0,0
57259.0,0
57269.0,0
57279.0,0
57289.0,0
57299.0,0
57309.0,0
57319.0,0
57329.0,0
57339.0,1
57349.0,0
57359.0,0
57369.0,0
57379.0,0
57389.0,0
57399.0,0
57409.0,1
57419.0,1
57429.0,0
57439.0,0
57449.0,0
57459.0,0
57469.0,0
57479.0,0
57489.0,0
57499.0,0
57509.0,0
57519.0,0
57529.0,0
57539.0,0
57549.0,0
57559.0,0
57569.0,0
57579.0,0
57589.0,0
57599.0,1
57609.0,0
57619.0,0
57629.0,0
57639.0,0
57649.0,0
57659.0,0
57669.0,0
57679.0,1
57689.0,0
57699.0,0
57709.0,0
57719.0,0
57729.0,0
57739.0,0
57749.0,0
57759.0,0
57769.0,0
57779.0,0
57789.0,0
57799.0,0
57809.0,0
57819.0,0
57829.0,0
57839.0,0
57849.0,0
57859.0,0
57869.0,0
57879.0,0
57889.0,0
57899.0,0
57909.0,1
57919.0,0
57929.0,0
57939.0,0
57949.0,0
57959.0,0
57969.0,0
57979.0,0
57989.0,1
57999.0,1
58009.0,0
58019.0,1
58029.0,0
58039.0,0
58049.0,0
58059.0,0
58069.0,0
58079.0,0
58089.0,0
58099.0,0
58109.0,0
58119.0,0
58129.0,0
58139.0,0
58149.0,0
58159.0,0
58169.0,0
58179.0,0
58189.0,0
58199.0,0
58209.0,0
58219.0,0
58229.0,0
58239.0,1
58249.0,2
58259.0,0
58269.0,0
58279.0,0
58289.0,1
58299.0,0
58309.0,0
58319.0,0
58329.0,0
58339.0,0
58349.0,0
58359.0,0
58369.0,0
58379.0,0
58389.0,1
58399.0,0
58409.0,0
58419.0,0
58429.0,0
58439.0,0
58449.0,0
58459.0,0
58469.0,0
58479.0,0
58489.0,0
58499.0,0
58509.0,0
58519.0,0
58529.0,0
58539.0,0
58549.0,1
58559.0,0
58569.0,0
58579.0,0
58589.0,0
58599.0,0
58609.0,0
58619.0,0
58629.0,0
58639.0,0
58649.0,0
58659.0,0
58669.0,0
58679.0,0
58689.0,0
58699.0,0
58709.0,0
58719.0,0
58729.0,0
58739.0,0
58749.0,0
58759.0,1
58769.0,0
58779.0,0
58789.0,0
58799.0,0
58809.0,0
58819.0,0
58829.0,0
58839.0,0
58849.0,0
58859.0,0
58869.0,0
58879.0,0
58889.0,0
58899.0,0
58909.0,0
58919.0,0
58929.0,0
58939.0,0
58949.0,0
58959.0,0
58969.0,1
58979.0,1
58989.0,0
58999.0,0
59009.0,0
59019.0,1
59029.0,0
59039.0,0
59049.0,0
59059.0,0
59069.0,0
59079.0,0
59089.0,0
59099.0,0
59109.0,0
59119.0,0
59129.0,0
59139.0,1
59149.0,0
59159.0,0
59169.0,0
59179.0,0
59189.0,0
59199.0,1
59209.0,0
59219.0,0
59229.0,0
59239.0,0
59249.0,0
59259.0,0
59269.0,0
59279.0,0
59289.0,0
59299.0,0
59309.0,0
59319.0,1
59329.0,0
59339.0,0
59349.0,0
59359.0,0
59369.0,0
59379.0,1
59389.0,0
59399.0,1
59409.0,0
59419.0,0
59429.0,0
59439.0,0
59449.0,0
59459.0,0
59469.0,0
59479.0,0
59489.0,0
59499.0,0
59509.0,0
59519.0,0
59529.0,0
59539.0,0
59549.0,0
59559.0,1
59569.0,0
59579.0,0
59589.0,0
59599.0,0
59609.0,0
59619.0,0
59629.0,0
59639.0,0
59649.0,0
59659.0,0
59669.0,0
59679.0,0
59689.0,0
59699.0,0
59709.0,0
59719.0,1
59729.0,0
59739.0,0
59749.0,0
59759.0,0
59769.0,0
59779.0,0
59789.0,0
59799.0,0
59809.0,0
59819.0,0
59829.0,0
59839.0,0
59849.0,0
59859.0,0
59869.0,0
59879.0,1
59889.0,0
59899.0,0
59909.0,0
59919.0,0
59929.0,0
59939.0,0
59949.0,0
59959.0,0
59969.0,0
59979.0,0
59989.0,0
59999.0,0
60009.0,0
60019.0,0
60029.0,0
60039.0,0
60049.0,0
60059.0,0
60069.0,0
60079.0,0
60089.0,0
60099.0,0
60109.0,0
60119.0,0
60129.0,0
60139.0,0
60149.0,0
60159.0,0
60169.0,0
60179.0,0
60189.0,0
60199.0,0
60209.0,0
60219.0,0
60229.0,0
60239.0,0
60249.0,0
60259.0,0
60269.0,0
60279.0,0
60289.0,0
60299.0,0
60309.0,0
60319.0,0
60329.0,0
60339.0,0
60349.0,0
60359.0,0
60369.0,0
60379.0,0
60389.0,0
60399.0,0
60409.0,0
60419.0,0
60429.0,0
60439.0,0
60449.0,0
60459.0,0
60469.0,0
60479.0,0
60489.0,1
60499.0,0
60509.0,0
60519.0,0
60529.0,0
60539.0,0
60549.0,0
60559.0,0
60569.0,0
60579.0,0
60589.0,0
60599.0,1
60609.0,0
60619.0,0
60629.0,0
60639.0,0
60649.0,0
60659.0,0
60669.0,0
60679.0,0
60689.0,0
60699.0,0
60709.0,0
60719.0,0
60729.0,0
60739.0,0
60749.0,0
60759.0,0
60769.0,0
60779.0,0
60789.0,0
60799.0,0
60809.0,0
60819.0,0
60829.0,0
60839.0,0
60849.0,0
60859.0,0
60869.0,0
60879.0,1
60889.0,0
60899.0,0
60909.0,0
60919.0,0
60929.0,0
60939.0,0
60949.0,0
60959.0,0
60969.0,0
60979.0,0
60989.0,0
60999.0,0
61009.0,0
61019.0,0
61029.0,0
61039.0,0
61049.0,0
61059.0,0
61069.0,0
61079.0,0
61089.0,0
61099.0,0
61109.0,0
61119.0,0
61129.0,0
61139.0,0
61149.0,0
61159.0,0
61169.0,0
61179.0,0
61189.0,0
61199.0,0
61209.0,0
61219.0,0
61229.0,0
61239.0,0
61249.0,0
61259.0,0
61269.0,0
61279.0,0
61289.0,0
61299.0,0
61309.0,0
61319.0,0
61329.0,0
61339.0,0
61349.0,0
61359.0,0
61369.0,0
61379.0,0
61389.0,0
61399.0,0
61409.0,0
61419.0,0
61429.0,0
61439.0,0
61449.0,0
61459.0,0
61469.0,0
61479.0,0
61489.0,0
61499.0,0
61509.0,0
61519.0,0
61529.0,0
61539.0,0
61549.0,0
61559.0,0
61569.0,0
61579.0,0
61589.0,0
61599.0,0
61609.0,0
61619.0,0
61629.0,0
61639.0,0
61649.0,0
61659.0,0
61669.0,0
61679.0,0
61689.0,0
61699.0,0
61709.0,0
61719.0,0
61729.0,0
61739.0,0
61749.0,0
61759.0,0
61769.0,0
61779.0,0
61789.0,0
61799.0,0
61809.0,0
61819.0,0
61829.0,0
61839.0,0
61849.0,0
61859.0,0
61869.0,0
61879.0,0
61889.0,0
61899.0,0
61909.0,0
61919.0,0
61929.0,0
61939.0,0
61949.0,0
61959.0,0
61969.0,0
61979.0,0
61989.0,0
61999.0,0
62009.0,0
62019.0,0
62029.0,1
62039.0,0
62049.0,0
62059.0,0
62069.0,0
62079.0,0
62089.0,0
62099.0,0
62109.0,0
62119.0,0
62129.0,0
62139.0,0
62149.0,0
62159.0,0
62169.0,0
62179.0,0
62189.0,0
62199.0,1
62209.0,0
62219.0,0
62229.0,0
62239.0,0
62249.0,0
62259.0,0
62269.0,0
62279.0,0
62289.0,0
62299.0,0
62309.0,0
62319.0,0
62329.0,0
62339.0,0
62349.0,0
62359.0,0
62369.0,0
62379.0,0
62389.0,0
62399.0,0
62409.0,0
62419.0,0
62429.0,0
62439.0,0
62449.0,0
62459.0,0
62469.0,0
62479.0,0
62489.0,1
62499.0,0
62509.0,0
62519.0,0
62529.0,0
62539.0,0
62549.0,0
62559.0,0
62569.0,0
62579.0,0
62589.0,0
62599.0,0
62609.0,0
62619.0,0
62629.0,0
62639.0,0
62649.0,0
62659.0,0
62669.0,0
62679.0,0
62689.0,0
62699.0,0
62709.0,0
62719.0,0
62729.0,0
62739.0,0
62749.0,0
62759.0,0
62769.0,0
62779.0,0
62789.0,0
62799.0,0
62809.0,0
62819.0,0
62829.0,0
62839.0,0
62849.0,0
62859.0,0
62869.0,0
62879.0,0
62889.0,0
62899.0,0
62909.0,0
62919.0,0
62929.0,0
62939.0,0
62949.0,0
62959.0,0
62969.0,0
62979.0,0
62989.0,0
62999.0,0
63009.0,0
63019.0,0
63029.0,0
63039.0,0
63049.0,0
63059.0,0
63069.0,0
63079.0,0
63089.0,0
63099.0,0
63109.0,0
63119.0,0
63129.0,0
63139.0,0
63149.0,0
63159.0,0
63169.0,0
63179.0,0
63189.0,0
63199.0,0
63209.0,0
63219.0,0
63229.0,0
63239.0,0
63249.0,0
63259.0,0
63269.0,0
63279.0,0
63289.0,0
63299.0,0
63309.0,0
63319.0,0
63329.0,0
63339.0,0
63349.0,0
63359.0,0
63369.0,0
63379.0,0
63389.0,0
63399.0,0
63409.0,0
63419.0,0
63429.0,0
63439.0,0
63449.0,0
63459.0,0
63469.0,0
63479.0,0
63489.0,0
63499.0,0
63509.0,0
63519.0,0
63529.0,0
63539.0,0
63549.0,0
63559.0,0
63569.0,0
63579.0,0
63589.0,0
63599.0,0
63609.0,0
63619.0,0
63629.0,0
63639.0,0
63649.0,0
63659.0,0
63669.0,0
63679.0,0
63689.0,0
63699.0,0
63709.0,0
63719.0,0
63729.0,0
63739.0,0
63749.0,0
63759.0,0
63769.0,0
63779.0,0
63789.0,0
63799.0,0
63809.0,0
63819.0,0
63829.0,0
63839.0,0
63849.0,0
63859.0,0
63869.0,0
63879.0,0
63889.0,0
63899.0,0
63909.0,0
63919.0,0
63929.0,0
63939.0,0
63949.0,0
63959.0,0
63969.0,0
63979.0,0
63989.0,0
63999.0,0
64009.0,0
64019.0,0
64029.0,0
64039.0,0
64049.0,0
64059.0,0
64069.0,0
64079.0,0
64089.0,0
64099.0,0
64109.0,0
64119.0,0
64129.0,0
64139.0,0
64149.0,0
64159.0,0
64169.0,0
64179.0,0
64189.0,0
64199.0,0
64209.0,0
64219.0,0
64229.0,0
64239.0,0
64249.0,0
64259.0,0
64269.0,0
64279.0,0
64289.0,0
64299.0,1
64309.0,0
64319.0,0
64329.0,0
64339.0,0
64349.0,0
64359.0,0
64369.0,0
64379.0,0
64389.0,0
64399.0,0
64409.0,0
64419.0,0
64429.0,0
64439.0,0
64449.0,0
64459.0,0
64469.0,0
64479.0,0
64489.0,0
64499.0,0
64509.0,0
64519.0,0
64529.0,0
64539.0,0
64549.0,0
64559.0,0
64569.0,0
64579.0,0
64589.0,0
64599.0,0
64609.0,0
64619.0,0
64629.0,0
64639.0,0
64649.0,0
64659.0,0
64669.0,0
64679.0,0
64689.0,0
64699.0,0
64709.0,0
64719.0,0
64729.0,0
64739.0,0
64749.0,0
64759.0,0
64769.0,0
64779.0,0
64789.0,0
64799.0,0
64809.0,0
64819.0,0
64829.0,0
64839.0,0
64849.0,0
64859.0,0
64869.0,0
64879.0,0
64889.0,0
64899.0,0
64909.0,0
64919.0,0
64929.0,0
64939.0,0
64949.0,0
64959.0,0
64969.0,0
64979.0,0
64989.0,1
